method,ate,rpe,avg_runtime_per_frame,total_runtime,landmark_position_error,map_consistency_score,false_landmark_updates,matched_landmarks,state_classification_accuracy,confusion_matrix,change_precision,change_recall,seed,run_label,dynamic_track_position_error,track_survival_length,id_switch_count,scenario,world.motion_mix.dynamic,robot.detection_noise_std
pov_baseline,1.6641503595879945,0.19915815259005978,0.00022695111110806454,0.06127679999917743,3.134639818364782,0.3865562687893274,30.0,30.0,0.3448275862068966,"{'STATIC': {'STATIC': 9, 'SEMI_STATIC': 9, 'DYNAMIC': 0}, 'SEMI_STATIC': {'STATIC': 10, 'SEMI_STATIC': 1, 'DYNAMIC': 0}, 'DYNAMIC': {'STATIC': 0, 'SEMI_STATIC': 0, 'DYNAMIC': 0}}",0.1,0.09090909090909091,3,baseline,,,,semi_static_only,,
motion_aware_filter_only,1.4346507013735255,0.22398476207103044,0.0008948862957940609,0.24161929986439645,2.036223654184853,0.5927552691630295,0.0,36.0,0.41379310344827586,"{'STATIC': {'STATIC': 12, 'SEMI_STATIC': 0, 'DYNAMIC': 6}, 'SEMI_STATIC': {'STATIC': 6, 'SEMI_STATIC': 0, 'DYNAMIC': 5}, 'DYNAMIC': {'STATIC': 0, 'SEMI_STATIC': 0, 'DYNAMIC': 0}}",0.45454545454545453,0.45454545454545453,3,dynamic_filter_only,0.14202842852477393,10.25,1.0,semi_static_only,,
motion_aware_tracking_only,1.4346507013735255,0.22398476207103044,0.0008042385189414578,0.21714440011419361,2.036223654184853,0.5927552691630295,0.0,36.0,0.41379310344827586,"{'STATIC': {'STATIC': 12, 'SEMI_STATIC': 0, 'DYNAMIC': 6}, 'SEMI_STATIC': {'STATIC': 6, 'SEMI_STATIC': 0, 'DYNAMIC': 5}, 'DYNAMIC': {'STATIC': 0, 'SEMI_STATIC': 0, 'DYNAMIC': 0}}",0.45454545454545453,0.45454545454545453,3,kalman_tracking_only,0.14202842852477393,10.25,1.0,semi_static_only,,
motion_aware_full,1.299260796263347,0.22159503582861917,0.0008470914809516183,0.22871469985693693,2.027114795289013,0.5945770409421974,0.0,44.0,0.3103448275862069,"{'STATIC': {'STATIC': 4, 'SEMI_STATIC': 8, 'DYNAMIC': 6}, 'SEMI_STATIC': {'STATIC': 1, 'SEMI_STATIC': 5, 'DYNAMIC': 5}, 'DYNAMIC': {'STATIC': 0, 'SEMI_STATIC': 0, 'DYNAMIC': 0}}",0.4166666666666667,0.9090909090909091,3,full_motion_aware,0.14167426179737438,10.25,1.0,semi_static_only,,
pov_baseline,2.035199939993297,0.3137512078323347,0.0003073325923954447,0.08297979994677007,3.1687254665096147,0.44330852368487134,23.0,38.0,0.5517241379310345,"{'STATIC': {'STATIC': 8, 'SEMI_STATIC': 10, 'DYNAMIC': 0}, 'SEMI_STATIC': {'STATIC': 3, 'SEMI_STATIC': 8, 'DYNAMIC': 0}, 'DYNAMIC': {'STATIC': 0, 'SEMI_STATIC': 0, 'DYNAMIC': 0}}",0.4444444444444444,0.7272727272727273,7,baseline,,,,semi_static_only,,
motion_aware_filter_only,2.0532820219994696,0.32322536363352394,0.0008806370371193799,0.2377720000222326,3.2611205405069685,0.4289643781382869,0.0,60.0,0.4482758620689655,"{'STATIC': {'STATIC': 13, 'SEMI_STATIC': 0, 'DYNAMIC': 5}, 'SEMI_STATIC': {'STATIC': 5, 'SEMI_STATIC': 0, 'DYNAMIC': 6}, 'DYNAMIC': {'STATIC': 0, 'SEMI_STATIC': 0, 'DYNAMIC': 0}}",0.5454545454545454,0.5454545454545454,7,dynamic_filter_only,0.15821482656017188,11.6,29.0,semi_static_only,,
motion_aware_tracking_only,2.0532820219994696,0.32322536363352394,0.0008366985186175615,0.22590860002674162,3.2611205405069685,0.4289643781382869,0.0,60.0,0.4482758620689655,"{'STATIC': {'STATIC': 13, 'SEMI_STATIC': 0, 'DYNAMIC': 5}, 'SEMI_STATIC': {'STATIC': 5, 'SEMI_STATIC': 0, 'DYNAMIC': 6}, 'DYNAMIC': {'STATIC': 0, 'SEMI_STATIC': 0, 'DYNAMIC': 0}}",0.5454545454545454,0.5454545454545454,7,kalman_tracking_only,0.15821482656017188,11.6,29.0,semi_static_only,,
motion_aware_full,2.1408307034953684,0.32389883893522087,0.0008684333336229123,0.23447700007818634,3.1359913539841453,0.4423804166541117,2.0,69.0,0.13793103448275862,"{'STATIC': {'STATIC': 0, 'SEMI_STATIC': 13, 'DYNAMIC': 5}, 'SEMI_STATIC': {'STATIC': 1, 'SEMI_STATIC': 4, 'DYNAMIC': 6}, 'DYNAMIC': {'STATIC': 0, 'SEMI_STATIC': 0, 'DYNAMIC': 0}}",0.35714285714285715,0.9090909090909091,7,full_motion_aware,0.15879360750889818,11.6,27.0,semi_static_only,,
pov_baseline,2.0517689030965736,0.3691160454784105,0.00025575296366932217,0.06905330019071698,3.4291947665529925,0.37563550145318203,25.0,50.0,0.3793103448275862,"{'STATIC': {'STATIC': 4, 'SEMI_STATIC': 12, 'DYNAMIC': 0}, 'SEMI_STATIC': {'STATIC': 6, 'SEMI_STATIC': 7, 'DYNAMIC': 0}, 'DYNAMIC': {'STATIC': 0, 'SEMI_STATIC': 0, 'DYNAMIC': 0}}",0.3684210526315789,0.5384615384615384,11,baseline,,,,semi_static_only,,
motion_aware_filter_only,1.9971554986928048,0.38281581702931544,0.0010764114817397462,0.2906311000697315,2.6598383634674003,0.47709041873290214,0.0,59.0,0.41379310344827586,"{'STATIC': {'STATIC': 12, 'SEMI_STATIC': 0, 'DYNAMIC': 4}, 'SEMI_STATIC': {'STATIC': 6, 'SEMI_STATIC': 0, 'DYNAMIC': 7}, 'DYNAMIC': {'STATIC': 0, 'SEMI_STATIC': 0, 'DYNAMIC': 0}}",0.6363636363636364,0.5384615384615384,11,dynamic_filter_only,0.14510850264380729,7.0,1.0,semi_static_only,,
motion_aware_tracking_only,1.9971554986928048,0.38281581702931544,0.0008712107401893097,0.2352268998511136,2.6598383634674003,0.47709041873290214,0.0,59.0,0.41379310344827586,"{'STATIC': {'STATIC': 12, 'SEMI_STATIC': 0, 'DYNAMIC': 4}, 'SEMI_STATIC': {'STATIC': 6, 'SEMI_STATIC': 0, 'DYNAMIC': 7}, 'DYNAMIC': {'STATIC': 0, 'SEMI_STATIC': 0, 'DYNAMIC': 0}}",0.6363636363636364,0.5384615384615384,11,kalman_tracking_only,0.14510850264380729,7.0,1.0,semi_static_only,,
motion_aware_full,2.007719340839813,0.38014552978397437,0.0008582496291233433,0.2317273998633027,2.6417658579790246,0.4847923568314083,3.0,60.0,0.27586206896551724,"{'STATIC': {'STATIC': 2, 'SEMI_STATIC': 10, 'DYNAMIC': 4}, 'SEMI_STATIC': {'STATIC': 0, 'SEMI_STATIC': 6, 'DYNAMIC': 7}, 'DYNAMIC': {'STATIC': 0, 'SEMI_STATIC': 0, 'DYNAMIC': 0}}",0.48148148148148145,1.0,11,full_motion_aware,0.1463002795775401,7.0,1.0,semi_static_only,,
pov_baseline,2.1824790074015508,0.29070296744854485,0.00025388814888342666,0.06854980019852519,3.555468578720688,0.36948769033898443,37.0,50.0,0.5172413793103449,"{'STATIC': {'STATIC': 7, 'SEMI_STATIC': 10, 'DYNAMIC': 0}, 'SEMI_STATIC': {'STATIC': 4, 'SEMI_STATIC': 8, 'DYNAMIC': 0}, 'DYNAMIC': {'STATIC': 0, 'SEMI_STATIC': 0, 'DYNAMIC': 0}}",0.4444444444444444,0.6666666666666666,19,baseline,,,,semi_static_only,,
motion_aware_filter_only,2.0377586712952627,0.3044027067631001,0.0009384555561054082,0.2533830001484602,2.5120486413922904,0.5179149952399682,0.0,60.0,0.41379310344827586,"{'STATIC': {'STATIC': 12, 'SEMI_STATIC': 0, 'DYNAMIC': 5}, 'SEMI_STATIC': {'STATIC': 6, 'SEMI_STATIC': 0, 'DYNAMIC': 6}, 'DYNAMIC': {'STATIC': 0, 'SEMI_STATIC': 0, 'DYNAMIC': 0}}",0.5454545454545454,0.5,19,dynamic_filter_only,0.14649298318568016,6.5,1.0,semi_static_only,,
motion_aware_tracking_only,2.0377586712952627,0.3044027067631001,0.0009759462964548557,0.26350550004281104,2.5120486413922904,0.5179149952399682,0.0,60.0,0.41379310344827586,"{'STATIC': {'STATIC': 12, 'SEMI_STATIC': 0, 'DYNAMIC': 5}, 'SEMI_STATIC': {'STATIC': 6, 'SEMI_STATIC': 0, 'DYNAMIC': 6}, 'DYNAMIC': {'STATIC': 0, 'SEMI_STATIC': 0, 'DYNAMIC': 0}}",0.5454545454545454,0.5,19,kalman_tracking_only,0.14649298318568016,6.5,1.0,semi_static_only,,
motion_aware_full,2.097079234588526,0.3165656280638768,0.0008163851849665796,0.22042399994097647,2.579496385174387,0.5099237798999801,5.0,60.0,0.1724137931034483,"{'STATIC': {'STATIC': 0, 'SEMI_STATIC': 12, 'DYNAMIC': 5}, 'SEMI_STATIC': {'STATIC': 1, 'SEMI_STATIC': 5, 'DYNAMIC': 6}, 'DYNAMIC': {'STATIC': 0, 'SEMI_STATIC': 0, 'DYNAMIC': 0}}",0.39285714285714285,0.9166666666666666,19,full_motion_aware,0.14573884696734823,6.5,0.0,semi_static_only,,
pov_baseline,2.9777791780864264,0.3923000627335861,0.00026181407393542703,0.0706897999625653,5.206474156479859,0.2377141347754596,34.0,58.0,0.4482758620689655,"{'STATIC': {'STATIC': 7, 'SEMI_STATIC': 8, 'DYNAMIC': 0}, 'SEMI_STATIC': {'STATIC': 3, 'SEMI_STATIC': 6, 'DYNAMIC': 0}, 'DYNAMIC': {'STATIC': 2, 'SEMI_STATIC': 3, 'DYNAMIC': 0}}",0.5294117647058824,0.6428571428571429,3,baseline,,,,mixed,,
motion_aware_filter_only,2.9242012228095517,0.4179121114165777,0.0008522399994372218,0.23010479984804988,4.520388056244092,0.2700158513730105,0.0,66.0,0.41379310344827586,"{'STATIC': {'STATIC': 9, 'SEMI_STATIC': 0, 'DYNAMIC': 6}, 'SEMI_STATIC': {'STATIC': 7, 'SEMI_STATIC': 0, 'DYNAMIC': 2}, 'DYNAMIC': {'STATIC': 2, 'SEMI_STATIC': 0, 'DYNAMIC': 3}}",0.45454545454545453,0.35714285714285715,3,dynamic_filter_only,0.1294152267403172,13.0,5.0,mixed,,
motion_aware_tracking_only,2.9242012228095517,0.4179121114165777,0.0010306181480970091,0.2782668999861925,4.520388056244092,0.2700158513730105,0.0,66.0,0.41379310344827586,"{'STATIC': {'STATIC': 9, 'SEMI_STATIC': 0, 'DYNAMIC': 6}, 'SEMI_STATIC': {'STATIC': 7, 'SEMI_STATIC': 0, 'DYNAMIC': 2}, 'DYNAMIC': {'STATIC': 2, 'SEMI_STATIC': 0, 'DYNAMIC': 3}}",0.45454545454545453,0.35714285714285715,3,kalman_tracking_only,0.1294152267403172,13.0,5.0,mixed,,
motion_aware_full,3.494670148374379,0.4250987530111153,0.0008207262967954632,0.22159610013477507,4.988440236966463,0.20875653323518423,2.0,71.0,0.3448275862068966,"{'STATIC': {'STATIC': 0, 'SEMI_STATIC': 9, 'DYNAMIC': 6}, 'SEMI_STATIC': {'STATIC': 0, 'SEMI_STATIC': 7, 'DYNAMIC': 2}, 'DYNAMIC': {'STATIC': 0, 'SEMI_STATIC': 2, 'DYNAMIC': 3}}",0.4827586206896552,1.0,3,full_motion_aware,0.1291754320846696,13.0,3.0,mixed,,
pov_baseline,2.952104029832586,0.3759990234227225,0.00028183333299778126,0.07609499990940094,6.387504463424884,0.25884738714135286,45.0,62.0,0.2413793103448276,"{'STATIC': {'STATIC': 4, 'SEMI_STATIC': 11, 'DYNAMIC': 0}, 'SEMI_STATIC': {'STATIC': 4, 'SEMI_STATIC': 3, 'DYNAMIC': 0}, 'DYNAMIC': {'STATIC': 0, 'SEMI_STATIC': 7, 'DYNAMIC': 0}}",0.47619047619047616,0.7142857142857143,7,baseline,,,,mixed,,
motion_aware_filter_only,2.4296965700260573,0.37365180672744197,0.0008706759256138294,0.23508249991573393,4.6288778180861625,0.4150609674118097,0.0,62.0,0.6206896551724138,"{'STATIC': {'STATIC': 12, 'SEMI_STATIC': 0, 'DYNAMIC': 3}, 'SEMI_STATIC': {'STATIC': 5, 'SEMI_STATIC': 0, 'DYNAMIC': 2}, 'DYNAMIC': {'STATIC': 1, 'SEMI_STATIC': 0, 'DYNAMIC': 6}}",0.7272727272727273,0.5714285714285714,7,dynamic_filter_only,0.1694336558124077,5.25,40.0,mixed,,
motion_aware_tracking_only,2.4296965700260573,0.37365180672744197,0.0010420296298064016,0.2813480000477284,4.6288778180861625,0.4150609674118097,0.0,62.0,0.6206896551724138,"{'STATIC': {'STATIC': 12, 'SEMI_STATIC': 0, 'DYNAMIC': 3}, 'SEMI_STATIC': {'STATIC': 5, 'SEMI_STATIC': 0, 'DYNAMIC': 2}, 'DYNAMIC': {'STATIC': 1, 'SEMI_STATIC': 0, 'DYNAMIC': 6}}",0.7272727272727273,0.5714285714285714,7,kalman_tracking_only,0.1694336558124077,5.25,40.0,mixed,,
motion_aware_full,2.27770824730191,0.3641348495253988,0.0009359844442870884,0.25271579995751386,4.186350028581695,0.44182877581178154,1.0,66.0,0.3793103448275862,"{'STATIC': {'STATIC': 0, 'SEMI_STATIC': 12, 'DYNAMIC': 3}, 'SEMI_STATIC': {'STATIC': 0, 'SEMI_STATIC': 5, 'DYNAMIC': 2}, 'DYNAMIC': {'STATIC': 0, 'SEMI_STATIC': 1, 'DYNAMIC': 6}}",0.4827586206896552,1.0,7,full_motion_aware,0.16357067506881437,6.0,36.0,mixed,,
pov_baseline,2.0498951682353392,0.27102279348662905,0.00025967074023490716,0.07011109986342492,5.889750944140197,0.2946820513085529,39.0,62.0,0.3793103448275862,"{'STATIC': {'STATIC': 7, 'SEMI_STATIC': 8, 'DYNAMIC': 0}, 'SEMI_STATIC': {'STATIC': 3, 'SEMI_STATIC': 4, 'DYNAMIC': 0}, 'DYNAMIC': {'STATIC': 3, 'SEMI_STATIC': 4, 'DYNAMIC': 0}}",0.5,0.5714285714285714,11,baseline,,,,mixed,,
motion_aware_filter_only,1.4180886453695334,0.26697334613836404,0.000764947777820958,0.20653590001165867,2.4713411007491994,0.5785110881718752,0.0,47.0,0.6551724137931034,"{'STATIC': {'STATIC': 12, 'SEMI_STATIC': 0, 'DYNAMIC': 3}, 'SEMI_STATIC': {'STATIC': 6, 'SEMI_STATIC': 0, 'DYNAMIC': 1}, 'DYNAMIC': {'STATIC': 0, 'SEMI_STATIC': 0, 'DYNAMIC': 7}}",0.7272727272727273,0.5714285714285714,11,dynamic_filter_only,0.1669912014448932,9.0,49.0,mixed,,
motion_aware_tracking_only,1.4180886453695334,0.26697334613836404,0.0008983611111977585,0.2425575000233948,2.4713411007491994,0.5785110881718752,0.0,47.0,0.6551724137931034,"{'STATIC': {'STATIC': 12, 'SEMI_STATIC': 0, 'DYNAMIC': 3}, 'SEMI_STATIC': {'STATIC': 6, 'SEMI_STATIC': 0, 'DYNAMIC': 1}, 'DYNAMIC': {'STATIC': 0, 'SEMI_STATIC': 0, 'DYNAMIC': 7}}",0.7272727272727273,0.5714285714285714,11,kalman_tracking_only,0.1669912014448932,9.0,49.0,mixed,,
motion_aware_full,1.537029477424608,0.27033741342162515,0.0007558440737840202,0.20407789992168546,2.54696330513946,0.550618347588259,5.0,57.0,0.4482758620689655,"{'STATIC': {'STATIC': 1, 'SEMI_STATIC': 11, 'DYNAMIC': 3}, 'SEMI_STATIC': {'STATIC': 1, 'SEMI_STATIC': 5, 'DYNAMIC': 1}, 'DYNAMIC': {'STATIC': 0, 'SEMI_STATIC': 0, 'DYNAMIC': 7}}",0.48148148148148145,0.9285714285714286,11,full_motion_aware,0.16156913705706577,9.0,47.0,mixed,,
pov_baseline,1.5481995388946057,0.24587603238935626,0.00026322777762457177,0.07107149995863438,6.188672403127759,0.3512074383848569,27.0,57.0,0.3448275862068966,"{'STATIC': {'STATIC': 5, 'SEMI_STATIC': 9, 'DYNAMIC': 0}, 'SEMI_STATIC': {'STATIC': 4, 'SEMI_STATIC': 5, 'DYNAMIC': 0}, 'DYNAMIC': {'STATIC': 1, 'SEMI_STATIC': 5, 'DYNAMIC': 0}}",0.5263157894736842,0.6666666666666666,19,baseline,,,,mixed,,
motion_aware_filter_only,1.3694182145356397,0.24591716105242836,0.0008295974073310695,0.22399129997938877,2.613729415663373,0.578212066420452,0.0,51.0,0.6206896551724138,"{'STATIC': {'STATIC': 12, 'SEMI_STATIC': 0, 'DYNAMIC': 2}, 'SEMI_STATIC': {'STATIC': 6, 'SEMI_STATIC': 0, 'DYNAMIC': 3}, 'DYNAMIC': {'STATIC': 0, 'SEMI_STATIC': 0, 'DYNAMIC': 6}}",0.8181818181818182,0.6,19,dynamic_filter_only,0.1373144034772459,8.4,4.0,mixed,,
motion_aware_tracking_only,1.3694182145356397,0.24591716105242836,0.000805228148345594,0.2174116000533104,2.613729415663373,0.578212066420452,0.0,51.0,0.6206896551724138,"{'STATIC': {'STATIC': 12, 'SEMI_STATIC': 0, 'DYNAMIC': 2}, 'SEMI_STATIC': {'STATIC': 6, 'SEMI_STATIC': 0, 'DYNAMIC': 3}, 'DYNAMIC': {'STATIC': 0, 'SEMI_STATIC': 0, 'DYNAMIC': 6}}",0.8181818181818182,0.6,19,kalman_tracking_only,0.1373144034772459,8.4,4.0,mixed,,
motion_aware_full,1.456106062684527,0.2538925403348247,0.0009479425925140578,0.2559444999787956,2.7466004944064464,0.5535744322611664,0.0,49.0,0.4482758620689655,"{'STATIC': {'STATIC': 1, 'SEMI_STATIC': 11, 'DYNAMIC': 2}, 'SEMI_STATIC': {'STATIC': 0, 'SEMI_STATIC': 6, 'DYNAMIC': 3}, 'DYNAMIC': {'STATIC': 0, 'SEMI_STATIC': 0, 'DYNAMIC': 6}}",0.5357142857142857,1.0,19,full_motion_aware,0.13973227108039854,8.4,5.0,mixed,,
pov_baseline,1.5136116720607882,0.26656574722420545,0.00021614148109047504,0.05835819989442826,2.8282285775991314,0.4465115016935016,28.0,31.0,0.4482758620689655,"{'STATIC': {'STATIC': 9, 'SEMI_STATIC': 10, 'DYNAMIC': 0}, 'SEMI_STATIC': {'STATIC': 6, 'SEMI_STATIC': 4, 'DYNAMIC': 0}, 'DYNAMIC': {'STATIC': 0, 'SEMI_STATIC': 0, 'DYNAMIC': 0}}",0.2857142857142857,0.4,3,baseline,,,,stress_dynamic_fraction,0.0,
motion_aware_filter_only,1.3223927301484857,0.2824098381637075,0.0008859937036134024,0.23921829997561866,1.9452870160328934,0.6109425967934213,0.0,41.0,0.3793103448275862,"{'STATIC': {'STATIC': 11, 'SEMI_STATIC': 0, 'DYNAMIC': 8}, 'SEMI_STATIC': {'STATIC': 7, 'SEMI_STATIC': 0, 'DYNAMIC': 3}, 'DYNAMIC': {'STATIC': 0, 'SEMI_STATIC': 0, 'DYNAMIC': 0}}",0.2727272727272727,0.3,3,dynamic_filter_only,0.1763995211691498,9.75,95.0,stress_dynamic_fraction,0.0,
motion_aware_tracking_only,1.3223927301484857,0.2824098381637075,0.0008273329628907421,0.22337989998050037,1.9452870160328934,0.6109425967934213,0.0,41.0,0.3793103448275862,"{'STATIC': {'STATIC': 11, 'SEMI_STATIC': 0, 'DYNAMIC': 8}, 'SEMI_STATIC': {'STATIC': 7, 'SEMI_STATIC': 0, 'DYNAMIC': 3}, 'DYNAMIC': {'STATIC': 0, 'SEMI_STATIC': 0, 'DYNAMIC': 0}}",0.2727272727272727,0.3,3,kalman_tracking_only,0.1763995211691498,9.75,95.0,stress_dynamic_fraction,0.0,
motion_aware_full,1.287715280996584,0.2850377127608586,0.0008431596302047923,0.22765310015529394,1.7430994856905455,0.6513874785772841,4.0,38.0,0.3448275862068966,"{'STATIC': {'STATIC': 4, 'SEMI_STATIC': 7, 'DYNAMIC': 8}, 'SEMI_STATIC': {'STATIC': 1, 'SEMI_STATIC': 6, 'DYNAMIC': 3}, 'DYNAMIC': {'STATIC': 0, 'SEMI_STATIC': 0, 'DYNAMIC': 0}}",0.375,0.9,3,full_motion_aware,0.1775030544569727,9.75,95.0,stress_dynamic_fraction,0.0,
pov_baseline,2.6194057944466986,0.3467391412714859,0.00024291000035763896,0.06558570009656252,4.100488759537219,0.2996795938778419,30.0,46.0,0.4827586206896552,"{'STATIC': {'STATIC': 7, 'SEMI_STATIC': 13, 'DYNAMIC': 0}, 'SEMI_STATIC': {'STATIC': 2, 'SEMI_STATIC': 7, 'DYNAMIC': 0}, 'DYNAMIC': {'STATIC': 0, 'SEMI_STATIC': 0, 'DYNAMIC': 0}}",0.35,0.7777777777777778,7,baseline,,,,stress_dynamic_fraction,0.0,
motion_aware_filter_only,1.9055315516831013,0.35423164414927905,0.0009882107402922375,0.2668168998789041,3.361832637372047,0.4295916948411604,0.0,54.0,0.4482758620689655,"{'STATIC': {'STATIC': 13, 'SEMI_STATIC': 0, 'DYNAMIC': 7}, 'SEMI_STATIC': {'STATIC': 5, 'SEMI_STATIC': 0, 'DYNAMIC': 4}, 'DYNAMIC': {'STATIC': 0, 'SEMI_STATIC': 0, 'DYNAMIC': 0}}",0.36363636363636365,0.4444444444444444,7,dynamic_filter_only,0.14535719284014204,12.666666666666666,14.0,stress_dynamic_fraction,0.0,
motion_aware_tracking_only,1.9055315516831013,0.35423164414927905,0.000927750370465219,0.25049260002560914,3.361832637372047,0.4295916948411604,0.0,54.0,0.4482758620689655,"{'STATIC': {'STATIC': 13, 'SEMI_STATIC': 0, 'DYNAMIC': 7}, 'SEMI_STATIC': {'STATIC': 5, 'SEMI_STATIC': 0, 'DYNAMIC': 4}, 'DYNAMIC': {'STATIC': 0, 'SEMI_STATIC': 0, 'DYNAMIC': 0}}",0.36363636363636365,0.4444444444444444,7,kalman_tracking_only,0.14535719284014204,12.666666666666666,14.0,stress_dynamic_fraction,0.0,
motion_aware_full,1.9935305240540697,0.3644986852319139,0.0008846033330040949,0.2388428999111056,3.4475779537415066,0.41391210522202,1.0,54.0,0.4482758620689655,"{'STATIC': {'STATIC': 9, 'SEMI_STATIC': 4, 'DYNAMIC': 7}, 'SEMI_STATIC': {'STATIC': 1, 'SEMI_STATIC': 4, 'DYNAMIC': 4}, 'DYNAMIC': {'STATIC': 0, 'SEMI_STATIC': 0, 'DYNAMIC': 0}}",0.42105263157894735,0.8888888888888888,7,full_motion_aware,0.14614045600738915,12.666666666666666,13.0,stress_dynamic_fraction,0.0,
pov_baseline,1.372625580271005,0.2577014706169368,0.00031390259283836235,0.08475370006635784,2.152026378118665,0.5708804082809786,16.0,38.0,0.4482758620689655,"{'STATIC': {'STATIC': 7, 'SEMI_STATIC': 12, 'DYNAMIC': 0}, 'SEMI_STATIC': {'STATIC': 4, 'SEMI_STATIC': 6, 'DYNAMIC': 0}, 'DYNAMIC': {'STATIC': 0, 'SEMI_STATIC': 0, 'DYNAMIC': 0}}",0.3333333333333333,0.6,11,baseline,,,,stress_dynamic_fraction,0.0,
motion_aware_filter_only,1.4312604303842023,0.26384663356844035,0.0007532733328709448,0.2033837998751551,1.7195279734603695,0.6560944053079261,0.0,41.0,0.5172413793103449,"{'STATIC': {'STATIC': 15, 'SEMI_STATIC': 0, 'DYNAMIC': 4}, 'SEMI_STATIC': {'STATIC': 3, 'SEMI_STATIC': 0, 'DYNAMIC': 7}, 'DYNAMIC': {'STATIC': 0, 'SEMI_STATIC': 0, 'DYNAMIC': 0}}",0.6363636363636364,0.7,11,dynamic_filter_only,0.1386611580607351,8.5,0.0,stress_dynamic_fraction,0.0,
motion_aware_tracking_only,1.4312604303842023,0.26384663356844035,0.0007882388886409225,0.21282449993304908,1.7195279734603695,0.6560944053079261,0.0,41.0,0.5172413793103449,"{'STATIC': {'STATIC': 15, 'SEMI_STATIC': 0, 'DYNAMIC': 4}, 'SEMI_STATIC': {'STATIC': 3, 'SEMI_STATIC': 0, 'DYNAMIC': 7}, 'DYNAMIC': {'STATIC': 0, 'SEMI_STATIC': 0, 'DYNAMIC': 0}}",0.6363636363636364,0.7,11,kalman_tracking_only,0.1386611580607351,8.5,0.0,stress_dynamic_fraction,0.0,
motion_aware_full,1.463110309945907,0.26188984514336794,0.0008524362963658794,0.23015780001878744,1.801136763224936,0.6397726473550128,1.0,41.0,0.41379310344827586,"{'STATIC': {'STATIC': 11, 'SEMI_STATIC': 4, 'DYNAMIC': 4}, 'SEMI_STATIC': {'STATIC': 2, 'SEMI_STATIC': 1, 'DYNAMIC': 7}, 'DYNAMIC': {'STATIC': 0, 'SEMI_STATIC': 0, 'DYNAMIC': 0}}",0.5,0.8,11,full_motion_aware,0.14042582436435924,8.5,0.0,stress_dynamic_fraction,0.0,
pov_baseline,2.4637364517293894,0.40454122983991236,0.0002393574074462607,0.06462650001049039,3.3008580943480657,0.4055430694806525,32.0,44.0,0.5172413793103449,"{'STATIC': {'STATIC': 9, 'SEMI_STATIC': 8, 'DYNAMIC': 0}, 'SEMI_STATIC': {'STATIC': 6, 'SEMI_STATIC': 6, 'DYNAMIC': 0}, 'DYNAMIC': {'STATIC': 0, 'SEMI_STATIC': 0, 'DYNAMIC': 0}}",0.42857142857142855,0.5,19,baseline,,,,stress_dynamic_fraction,0.0,
motion_aware_filter_only,2.203601280645784,0.38143756537366513,0.0009476385191427884,0.2558624001685529,2.1460774697943177,0.5757663246331635,0.0,50.0,0.41379310344827586,"{'STATIC': {'STATIC': 12, 'SEMI_STATIC': 0, 'DYNAMIC': 5}, 'SEMI_STATIC': {'STATIC': 6, 'SEMI_STATIC': 0, 'DYNAMIC': 6}, 'DYNAMIC': {'STATIC': 0, 'SEMI_STATIC': 0, 'DYNAMIC': 0}}",0.5454545454545454,0.5,19,dynamic_filter_only,0.14755311790441886,6.25,1.0,stress_dynamic_fraction,0.0,
motion_aware_tracking_only,2.203601280645784,0.38143756537366513,0.000870521110482514,0.23504069983027875,2.1460774697943177,0.5757663246331635,0.0,50.0,0.41379310344827586,"{'STATIC': {'STATIC': 12, 'SEMI_STATIC': 0, 'DYNAMIC': 5}, 'SEMI_STATIC': {'STATIC': 6, 'SEMI_STATIC': 0, 'DYNAMIC': 6}, 'DYNAMIC': {'STATIC': 0, 'SEMI_STATIC': 0, 'DYNAMIC': 0}}",0.5454545454545454,0.5,19,kalman_tracking_only,0.14755311790441886,6.25,1.0,stress_dynamic_fraction,0.0,
motion_aware_full,2.1620313957236688,0.37853501474003914,0.0008157366662527676,0.22024889988824725,2.2309283030233535,0.5635821457488416,3.0,54.0,0.4827586206896552,"{'STATIC': {'STATIC': 9, 'SEMI_STATIC': 3, 'DYNAMIC': 5}, 'SEMI_STATIC': {'STATIC': 1, 'SEMI_STATIC': 5, 'DYNAMIC': 6}, 'DYNAMIC': {'STATIC': 0, 'SEMI_STATIC': 0, 'DYNAMIC': 0}}",0.5789473684210527,0.9166666666666666,19,full_motion_aware,0.14756291681806435,6.25,1.0,stress_dynamic_fraction,0.0,
pov_baseline,3.6478913194517237,0.38221091153362907,0.00032035703684582756,0.08649639994837344,7.904009962614777,0.12868719441888254,43.0,69.0,0.27586206896551724,"{'STATIC': {'STATIC': 4, 'SEMI_STATIC': 11, 'DYNAMIC': 0}, 'SEMI_STATIC': {'STATIC': 4, 'SEMI_STATIC': 4, 'DYNAMIC': 0}, 'DYNAMIC': {'STATIC': 2, 'SEMI_STATIC': 4, 'DYNAMIC': 0}}",0.42105263157894735,0.5714285714285714,3,baseline,,,,stress_dynamic_fraction,0.1,
motion_aware_filter_only,2.761058487471095,0.39414279812835445,0.0010559766665445985,0.2851136999670416,4.8933953835388,0.3352582153783592,0.0,66.0,0.5172413793103449,"{'STATIC': {'STATIC': 10, 'SEMI_STATIC': 0, 'DYNAMIC': 5}, 'SEMI_STATIC': {'STATIC': 7, 'SEMI_STATIC': 0, 'DYNAMIC': 1}, 'DYNAMIC': {'STATIC': 1, 'SEMI_STATIC': 0, 'DYNAMIC': 5}}",0.5454545454545454,0.42857142857142855,3,dynamic_filter_only,0.17365918531971905,7.2,82.0,stress_dynamic_fraction,0.1,
motion_aware_tracking_only,2.761058487471095,0.39414279812835445,0.0009487637034099965,0.25616619992069906,4.8933953835388,0.3352582153783592,0.0,66.0,0.5172413793103449,"{'STATIC': {'STATIC': 10, 'SEMI_STATIC': 0, 'DYNAMIC': 5}, 'SEMI_STATIC': {'STATIC': 7, 'SEMI_STATIC': 0, 'DYNAMIC': 1}, 'DYNAMIC': {'STATIC': 1, 'SEMI_STATIC': 0, 'DYNAMIC': 5}}",0.5454545454545454,0.42857142857142855,3,kalman_tracking_only,0.17365918531971905,7.2,82.0,stress_dynamic_fraction,0.1,
motion_aware_full,2.667599373071349,0.3933700719935539,0.0009189055559949739,0.24810450011864296,4.63288797592959,0.36602958380132594,6.0,70.0,0.41379310344827586,"{'STATIC': {'STATIC': 1, 'SEMI_STATIC': 9, 'DYNAMIC': 5}, 'SEMI_STATIC': {'STATIC': 1, 'SEMI_STATIC': 6, 'DYNAMIC': 1}, 'DYNAMIC': {'STATIC': 0, 'SEMI_STATIC': 1, 'DYNAMIC': 5}}",0.48148148148148145,0.9285714285714286,3,full_motion_aware,0.17418773275240598,7.2,85.0,stress_dynamic_fraction,0.1,
pov_baseline,3.1032651829452207,0.3643335691315484,0.00029277444420451354,0.07904909993521866,4.918240984142678,0.2590962157837929,28.0,68.0,0.3793103448275862,"{'STATIC': {'STATIC': 6, 'SEMI_STATIC': 10, 'DYNAMIC': 0}, 'SEMI_STATIC': {'STATIC': 4, 'SEMI_STATIC': 5, 'DYNAMIC': 0}, 'DYNAMIC': {'STATIC': 0, 'SEMI_STATIC': 4, 'DYNAMIC': 0}}",0.47368421052631576,0.6923076923076923,7,baseline,,,,stress_dynamic_fraction,0.1,
motion_aware_filter_only,2.5056458611249153,0.35280805694976336,0.0009909692591194201,0.26756169996224344,3.04025653593213,0.4432202720685543,0.0,69.0,0.5862068965517241,"{'STATIC': {'STATIC': 13, 'SEMI_STATIC': 0, 'DYNAMIC': 3}, 'SEMI_STATIC': {'STATIC': 5, 'SEMI_STATIC': 0, 'DYNAMIC': 4}, 'DYNAMIC': {'STATIC': 0, 'SEMI_STATIC': 0, 'DYNAMIC': 4}}",0.7272727272727273,0.6153846153846154,7,dynamic_filter_only,0.14439860405787672,9.0,10.0,stress_dynamic_fraction,0.1,
motion_aware_tracking_only,2.5056458611249153,0.35280805694976336,0.0008813518522031329,0.2379650000948459,3.04025653593213,0.4432202720685543,0.0,69.0,0.5862068965517241,"{'STATIC': {'STATIC': 13, 'SEMI_STATIC': 0, 'DYNAMIC': 3}, 'SEMI_STATIC': {'STATIC': 5, 'SEMI_STATIC': 0, 'DYNAMIC': 4}, 'DYNAMIC': {'STATIC': 0, 'SEMI_STATIC': 0, 'DYNAMIC': 4}}",0.7272727272727273,0.6153846153846154,7,kalman_tracking_only,0.14439860405787672,9.0,10.0,stress_dynamic_fraction,0.1,
motion_aware_full,2.4635553859540784,0.3672722813446538,0.0008606207401802141,0.2323675998486578,3.3255205081477945,0.4211935288655868,4.0,66.0,0.3103448275862069,"{'STATIC': {'STATIC': 0, 'SEMI_STATIC': 13, 'DYNAMIC': 3}, 'SEMI_STATIC': {'STATIC': 0, 'SEMI_STATIC': 5, 'DYNAMIC': 4}, 'DYNAMIC': {'STATIC': 0, 'SEMI_STATIC': 0, 'DYNAMIC': 4}}",0.4482758620689655,1.0,7,full_motion_aware,0.14623448337485115,9.0,11.0,stress_dynamic_fraction,0.1,
pov_baseline,1.7727134075538173,0.28023670074077006,0.0002558829625033671,0.0690883998759091,3.8709301767525788,0.4963138321626753,27.0,46.0,0.3793103448275862,"{'STATIC': {'STATIC': 7, 'SEMI_STATIC': 13, 'DYNAMIC': 0}, 'SEMI_STATIC': {'STATIC': 3, 'SEMI_STATIC': 4, 'DYNAMIC': 0}, 'DYNAMIC': {'STATIC': 1, 'SEMI_STATIC': 1, 'DYNAMIC': 0}}",0.2777777777777778,0.5555555555555556,11,baseline,,,,stress_dynamic_fraction,0.1,
motion_aware_filter_only,1.520090262159807,0.29545864453463794,0.0008657992593254204,0.2337658000178635,2.6656760227635448,0.5921628616482076,0.0,48.0,0.5517241379310345,"{'STATIC': {'STATIC': 14, 'SEMI_STATIC': 0, 'DYNAMIC': 6}, 'SEMI_STATIC': {'STATIC': 4, 'SEMI_STATIC': 0, 'DYNAMIC': 3}, 'DYNAMIC': {'STATIC': 0, 'SEMI_STATIC': 0, 'DYNAMIC': 2}}",0.45454545454545453,0.5555555555555556,11,dynamic_filter_only,0.15977905872570455,8.0,16.0,stress_dynamic_fraction,0.1,
motion_aware_tracking_only,1.520090262159807,0.29545864453463794,0.0009740429628571425,0.26299159997142846,2.6656760227635448,0.5921628616482076,0.0,48.0,0.5517241379310345,"{'STATIC': {'STATIC': 14, 'SEMI_STATIC': 0, 'DYNAMIC': 6}, 'SEMI_STATIC': {'STATIC': 4, 'SEMI_STATIC': 0, 'DYNAMIC': 3}, 'DYNAMIC': {'STATIC': 0, 'SEMI_STATIC': 0, 'DYNAMIC': 2}}",0.45454545454545453,0.5555555555555556,11,kalman_tracking_only,0.15977905872570455,8.0,16.0,stress_dynamic_fraction,0.1,
motion_aware_full,1.500279823620349,0.2933831106120762,0.0008204507408663633,0.22152170003391808,2.607605396688338,0.5964065123808421,1.0,51.0,0.5517241379310345,"{'STATIC': {'STATIC': 11, 'SEMI_STATIC': 3, 'DYNAMIC': 6}, 'SEMI_STATIC': {'STATIC': 1, 'SEMI_STATIC': 3, 'DYNAMIC': 3}, 'DYNAMIC': {'STATIC': 0, 'SEMI_STATIC': 0, 'DYNAMIC': 2}}",0.47058823529411764,0.8888888888888888,11,full_motion_aware,0.1603625013509891,8.0,16.0,stress_dynamic_fraction,0.1,
pov_baseline,2.2655947920278163,0.32119056878674995,0.00024834777728688937,0.06705389986746013,4.405477741672366,0.3376302092814106,27.0,51.0,0.5172413793103449,"{'STATIC': {'STATIC': 8, 'SEMI_STATIC': 6, 'DYNAMIC': 0}, 'SEMI_STATIC': {'STATIC': 3, 'SEMI_STATIC': 7, 'DYNAMIC': 0}, 'DYNAMIC': {'STATIC': 2, 'SEMI_STATIC': 3, 'DYNAMIC': 0}}",0.625,0.6666666666666666,19,baseline,,,,stress_dynamic_fraction,0.1,
motion_aware_filter_only,2.1680709042126716,0.3136461591728387,0.0008177144444306139,0.22078289999626577,2.5335937067649246,0.5030556910357105,0.0,51.0,0.5862068965517241,"{'STATIC': {'STATIC': 12, 'SEMI_STATIC': 0, 'DYNAMIC': 2}, 'SEMI_STATIC': {'STATIC': 6, 'SEMI_STATIC': 0, 'DYNAMIC': 4}, 'DYNAMIC': {'STATIC': 0, 'SEMI_STATIC': 0, 'DYNAMIC': 5}}",0.8181818181818182,0.6,19,dynamic_filter_only,0.15393063829875955,4.571428571428571,34.0,stress_dynamic_fraction,0.1,
motion_aware_tracking_only,2.1680709042126716,0.3136461591728387,0.0008160885190591216,0.22034390014596283,2.5335937067649246,0.5030556910357105,0.0,51.0,0.5862068965517241,"{'STATIC': {'STATIC': 12, 'SEMI_STATIC': 0, 'DYNAMIC': 2}, 'SEMI_STATIC': {'STATIC': 6, 'SEMI_STATIC': 0, 'DYNAMIC': 4}, 'DYNAMIC': {'STATIC': 0, 'SEMI_STATIC': 0, 'DYNAMIC': 5}}",0.8181818181818182,0.6,19,kalman_tracking_only,0.15393063829875955,4.571428571428571,34.0,stress_dynamic_fraction,0.1,
motion_aware_full,2.078757273665596,0.318175632206897,0.0009405425922186289,0.2539464998990298,2.425912216132748,0.5192892886804172,1.0,59.0,0.5172413793103449,"{'STATIC': {'STATIC': 5, 'SEMI_STATIC': 7, 'DYNAMIC': 2}, 'SEMI_STATIC': {'STATIC': 1, 'SEMI_STATIC': 5, 'DYNAMIC': 4}, 'DYNAMIC': {'STATIC': 0, 'SEMI_STATIC': 0, 'DYNAMIC': 5}}",0.6086956521739131,0.9333333333333333,19,full_motion_aware,0.15657329726827637,5.166666666666667,35.0,stress_dynamic_fraction,0.1,
pov_baseline,2.9777791780864264,0.3923000627335861,0.0002585059256051426,0.06979659991338849,5.206474156479859,0.2377141347754596,34.0,58.0,0.4482758620689655,"{'STATIC': {'STATIC': 7, 'SEMI_STATIC': 8, 'DYNAMIC': 0}, 'SEMI_STATIC': {'STATIC': 3, 'SEMI_STATIC': 6, 'DYNAMIC': 0}, 'DYNAMIC': {'STATIC': 2, 'SEMI_STATIC': 3, 'DYNAMIC': 0}}",0.5294117647058824,0.6428571428571429,3,baseline,,,,stress_dynamic_fraction,0.2,
motion_aware_filter_only,2.9242012228095517,0.4179121114165777,0.0008581522222677314,0.23170110001228747,4.520388056244092,0.2700158513730105,0.0,66.0,0.41379310344827586,"{'STATIC': {'STATIC': 9, 'SEMI_STATIC': 0, 'DYNAMIC': 6}, 'SEMI_STATIC': {'STATIC': 7, 'SEMI_STATIC': 0, 'DYNAMIC': 2}, 'DYNAMIC': {'STATIC': 2, 'SEMI_STATIC': 0, 'DYNAMIC': 3}}",0.45454545454545453,0.35714285714285715,3,dynamic_filter_only,0.1294152267403172,13.0,5.0,stress_dynamic_fraction,0.2,
motion_aware_tracking_only,2.9242012228095517,0.4179121114165777,0.0008288355552832838,0.2237855999264866,4.520388056244092,0.2700158513730105,0.0,66.0,0.41379310344827586,"{'STATIC': {'STATIC': 9, 'SEMI_STATIC': 0, 'DYNAMIC': 6}, 'SEMI_STATIC': {'STATIC': 7, 'SEMI_STATIC': 0, 'DYNAMIC': 2}, 'DYNAMIC': {'STATIC': 2, 'SEMI_STATIC': 0, 'DYNAMIC': 3}}",0.45454545454545453,0.35714285714285715,3,kalman_tracking_only,0.1294152267403172,13.0,5.0,stress_dynamic_fraction,0.2,
motion_aware_full,3.494670148374379,0.4250987530111153,0.0009304270363861212,0.2512152998242527,4.988440236966463,0.20875653323518423,2.0,71.0,0.3448275862068966,"{'STATIC': {'STATIC': 0, 'SEMI_STATIC': 9, 'DYNAMIC': 6}, 'SEMI_STATIC': {'STATIC': 0, 'SEMI_STATIC': 7, 'DYNAMIC': 2}, 'DYNAMIC': {'STATIC': 0, 'SEMI_STATIC': 2, 'DYNAMIC': 3}}",0.4827586206896552,1.0,3,full_motion_aware,0.1291754320846696,13.0,3.0,stress_dynamic_fraction,0.2,
pov_baseline,2.020506083016375,0.28035914587072785,0.00026762407376534415,0.07225849991664292,5.324572990404484,0.3217185465426459,17.0,54.0,0.2413793103448276,"{'STATIC': {'STATIC': 5, 'SEMI_STATIC': 10, 'DYNAMIC': 0}, 'SEMI_STATIC': {'STATIC': 5, 'SEMI_STATIC': 2, 'DYNAMIC': 0}, 'DYNAMIC': {'STATIC': 1, 'SEMI_STATIC': 6, 'DYNAMIC': 0}}",0.4444444444444444,0.5714285714285714,7,baseline,,,,stress_dynamic_fraction,0.2,
motion_aware_filter_only,1.8536863481631556,0.2879094457863108,0.0009154118519897265,0.24716120003722614,3.7066057765541345,0.47717090474702156,0.0,60.0,0.6551724137931034,"{'STATIC': {'STATIC': 13, 'SEMI_STATIC': 0, 'DYNAMIC': 2}, 'SEMI_STATIC': {'STATIC': 4, 'SEMI_STATIC': 0, 'DYNAMIC': 3}, 'DYNAMIC': {'STATIC': 1, 'SEMI_STATIC': 0, 'DYNAMIC': 6}}",0.8181818181818182,0.6428571428571429,7,dynamic_filter_only,0.12963369302959893,6.0,2.0,stress_dynamic_fraction,0.2,
motion_aware_tracking_only,1.8536863481631556,0.2879094457863108,0.0007672140736960704,0.20714779989793902,3.7066057765541345,0.47717090474702156,0.0,60.0,0.6551724137931034,"{'STATIC': {'STATIC': 13, 'SEMI_STATIC': 0, 'DYNAMIC': 2}, 'SEMI_STATIC': {'STATIC': 4, 'SEMI_STATIC': 0, 'DYNAMIC': 3}, 'DYNAMIC': {'STATIC': 1, 'SEMI_STATIC': 0, 'DYNAMIC': 6}}",0.8181818181818182,0.6428571428571429,7,kalman_tracking_only,0.12963369302959893,6.0,2.0,stress_dynamic_fraction,0.2,
motion_aware_full,1.932891370617417,0.2898673275414349,0.0011127725924813638,0.30044859996996826,3.793122270327869,0.46836204111730656,2.0,65.0,0.3448275862068966,"{'STATIC': {'STATIC': 0, 'SEMI_STATIC': 13, 'DYNAMIC': 2}, 'SEMI_STATIC': {'STATIC': 0, 'SEMI_STATIC': 4, 'DYNAMIC': 3}, 'DYNAMIC': {'STATIC': 0, 'SEMI_STATIC': 1, 'DYNAMIC': 6}}",0.4827586206896552,1.0,7,full_motion_aware,0.12984337488575143,6.0,2.0,stress_dynamic_fraction,0.2,
pov_baseline,2.321147833460589,0.34719816250438873,0.0002686477783653472,0.07253490015864375,5.059241906638294,0.3273809336896779,9.0,53.0,0.41379310344827586,"{'STATIC': {'STATIC': 7, 'SEMI_STATIC': 8, 'DYNAMIC': 0}, 'SEMI_STATIC': {'STATIC': 2, 'SEMI_STATIC': 5, 'DYNAMIC': 0}, 'DYNAMIC': {'STATIC': 1, 'SEMI_STATIC': 6, 'DYNAMIC': 0}}",0.5789473684210527,0.7857142857142857,11,baseline,,,,stress_dynamic_fraction,0.2,
motion_aware_filter_only,2.0641849197020816,0.34185420846809533,0.001060572963345934,0.28635470010340214,4.108136214821711,0.4116841455707633,0.0,51.0,0.7241379310344828,"{'STATIC': {'STATIC': 14, 'SEMI_STATIC': 0, 'DYNAMIC': 1}, 'SEMI_STATIC': {'STATIC': 4, 'SEMI_STATIC': 0, 'DYNAMIC': 3}, 'DYNAMIC': {'STATIC': 0, 'SEMI_STATIC': 0, 'DYNAMIC': 7}}",0.9090909090909091,0.7142857142857143,11,dynamic_filter_only,0.14525811963059504,8.2,15.0,stress_dynamic_fraction,0.2,
motion_aware_tracking_only,2.0641849197020816,0.34185420846809533,0.0012413048150914686,0.33515230007469654,4.108136214821711,0.4116841455707633,0.0,51.0,0.7241379310344828,"{'STATIC': {'STATIC': 14, 'SEMI_STATIC': 0, 'DYNAMIC': 1}, 'SEMI_STATIC': {'STATIC': 4, 'SEMI_STATIC': 0, 'DYNAMIC': 3}, 'DYNAMIC': {'STATIC': 0, 'SEMI_STATIC': 0, 'DYNAMIC': 7}}",0.9090909090909091,0.7142857142857143,11,kalman_tracking_only,0.14525811963059504,8.2,15.0,stress_dynamic_fraction,0.2,
motion_aware_full,1.8837397458694052,0.3407362740375471,0.001290342592875715,0.34839250007644307,4.147031406964349,0.4123890178439022,1.0,49.0,0.6551724137931034,"{'STATIC': {'STATIC': 10, 'SEMI_STATIC': 4, 'DYNAMIC': 1}, 'SEMI_STATIC': {'STATIC': 2, 'SEMI_STATIC': 2, 'DYNAMIC': 3}, 'DYNAMIC': {'STATIC': 0, 'SEMI_STATIC': 0, 'DYNAMIC': 7}}",0.7058823529411765,0.8571428571428571,11,full_motion_aware,0.1455170226903598,8.2,14.0,stress_dynamic_fraction,0.2,
pov_baseline,2.105395081105592,0.32998354206746056,0.0002931385188949881,0.07914740010164678,5.675714282552184,0.2868999009987707,37.0,65.0,0.3103448275862069,"{'STATIC': {'STATIC': 4, 'SEMI_STATIC': 10, 'DYNAMIC': 0}, 'SEMI_STATIC': {'STATIC': 3, 'SEMI_STATIC': 5, 'DYNAMIC': 0}, 'DYNAMIC': {'STATIC': 1, 'SEMI_STATIC': 6, 'DYNAMIC': 0}}",0.5238095238095238,0.7333333333333333,19,baseline,,,,stress_dynamic_fraction,0.2,
motion_aware_filter_only,1.9969645956272732,0.3232969499742613,0.0010623722225082694,0.2868405000772327,3.6104782691484063,0.4508270627009295,0.0,66.0,0.6551724137931034,"{'STATIC': {'STATIC': 12, 'SEMI_STATIC': 0, 'DYNAMIC': 2}, 'SEMI_STATIC': {'STATIC': 6, 'SEMI_STATIC': 0, 'DYNAMIC': 2}, 'DYNAMIC': {'STATIC': 0, 'SEMI_STATIC': 0, 'DYNAMIC': 7}}",0.8181818181818182,0.6,19,dynamic_filter_only,0.13558751141226932,6.454545454545454,16.0,stress_dynamic_fraction,0.2,
motion_aware_tracking_only,1.9969645956272732,0.3232969499742613,0.0009427181488178947,0.25453390018083155,3.6104782691484063,0.4508270627009295,0.0,66.0,0.6551724137931034,"{'STATIC': {'STATIC': 12, 'SEMI_STATIC': 0, 'DYNAMIC': 2}, 'SEMI_STATIC': {'STATIC': 6, 'SEMI_STATIC': 0, 'DYNAMIC': 2}, 'DYNAMIC': {'STATIC': 0, 'SEMI_STATIC': 0, 'DYNAMIC': 7}}",0.8181818181818182,0.6,19,kalman_tracking_only,0.13558751141226932,6.454545454545454,16.0,stress_dynamic_fraction,0.2,
motion_aware_full,1.9782890476188784,0.32291328144024306,0.001158027777758738,0.3126674999948592,3.4412696571960755,0.47620376655049884,3.0,68.0,0.4482758620689655,"{'STATIC': {'STATIC': 0, 'SEMI_STATIC': 12, 'DYNAMIC': 2}, 'SEMI_STATIC': {'STATIC': 0, 'SEMI_STATIC': 6, 'DYNAMIC': 2}, 'DYNAMIC': {'STATIC': 0, 'SEMI_STATIC': 0, 'DYNAMIC': 7}}",0.5172413793103449,1.0,19,full_motion_aware,0.13602502684053264,6.454545454545454,16.0,stress_dynamic_fraction,0.2,
pov_baseline,2.8567401650510282,0.35337729675980756,0.0002819559252303507,0.07612809981219469,6.09745764011478,0.28147467410912796,35.0,57.0,0.3103448275862069,"{'STATIC': {'STATIC': 4, 'SEMI_STATIC': 8, 'DYNAMIC': 0}, 'SEMI_STATIC': {'STATIC': 3, 'SEMI_STATIC': 5, 'DYNAMIC': 0}, 'DYNAMIC': {'STATIC': 2, 'SEMI_STATIC': 7, 'DYNAMIC': 0}}",0.6,0.7058823529411765,3,baseline,,,,stress_dynamic_fraction,0.35,
motion_aware_filter_only,2.530203707525968,0.3591461365953509,0.0009925714814690532,0.26799429999664437,4.9823525556059485,0.384365309679399,0.0,69.0,0.5517241379310345,"{'STATIC': {'STATIC': 10, 'SEMI_STATIC': 0, 'DYNAMIC': 2}, 'SEMI_STATIC': {'STATIC': 5, 'SEMI_STATIC': 0, 'DYNAMIC': 3}, 'DYNAMIC': {'STATIC': 3, 'SEMI_STATIC': 0, 'DYNAMIC': 6}}",0.8181818181818182,0.5294117647058824,3,dynamic_filter_only,0.13280117918232,8.125,4.0,stress_dynamic_fraction,0.35,
motion_aware_tracking_only,2.530203707525968,0.3591461365953509,0.0008546362958710505,0.23075179988518363,4.9823525556059485,0.384365309679399,0.0,69.0,0.5517241379310345,"{'STATIC': {'STATIC': 10, 'SEMI_STATIC': 0, 'DYNAMIC': 2}, 'SEMI_STATIC': {'STATIC': 5, 'SEMI_STATIC': 0, 'DYNAMIC': 3}, 'DYNAMIC': {'STATIC': 3, 'SEMI_STATIC': 0, 'DYNAMIC': 6}}",0.8181818181818182,0.5294117647058824,3,kalman_tracking_only,0.13280117918232,8.125,4.0,stress_dynamic_fraction,0.35,
motion_aware_full,2.508795120266816,0.36199949272975357,0.0009982981477622633,0.2695404998958111,4.8543555944532315,0.3863723470055451,6.0,68.0,0.41379310344827586,"{'STATIC': {'STATIC': 1, 'SEMI_STATIC': 9, 'DYNAMIC': 2}, 'SEMI_STATIC': {'STATIC': 0, 'SEMI_STATIC': 5, 'DYNAMIC': 3}, 'DYNAMIC': {'STATIC': 0, 'SEMI_STATIC': 3, 'DYNAMIC': 6}}",0.6071428571428571,1.0,3,full_motion_aware,0.13749159024081378,8.125,7.0,stress_dynamic_fraction,0.35,
pov_baseline,1.9522528426005776,0.2413703664083897,0.00029872407429610144,0.08065550005994739,6.7379275530274185,0.26192763565804494,21.0,60.0,0.20689655172413793,"{'STATIC': {'STATIC': 5, 'SEMI_STATIC': 10, 'DYNAMIC': 0}, 'SEMI_STATIC': {'STATIC': 1, 'SEMI_STATIC': 1, 'DYNAMIC': 0}, 'DYNAMIC': {'STATIC': 3, 'SEMI_STATIC': 9, 'DYNAMIC': 0}}",0.5,0.7142857142857143,7,baseline,,,,stress_dynamic_fraction,0.35,
motion_aware_filter_only,1.5144664481588421,0.2273996065372729,0.0008654374068740895,0.23366809985600415,4.429828449845195,0.3939451215086212,0.0,47.0,0.8275862068965517,"{'STATIC': {'STATIC': 14, 'SEMI_STATIC': 0, 'DYNAMIC': 1}, 'SEMI_STATIC': {'STATIC': 2, 'SEMI_STATIC': 0, 'DYNAMIC': 0}, 'DYNAMIC': {'STATIC': 2, 'SEMI_STATIC': 0, 'DYNAMIC': 10}}",0.9090909090909091,0.7142857142857143,7,dynamic_filter_only,0.11268199706802215,9.2,18.0,stress_dynamic_fraction,0.35,
motion_aware_tracking_only,1.5144664481588421,0.2273996065372729,0.0009353362963776346,0.25254080002196133,4.429828449845195,0.3939451215086212,0.0,47.0,0.8275862068965517,"{'STATIC': {'STATIC': 14, 'SEMI_STATIC': 0, 'DYNAMIC': 1}, 'SEMI_STATIC': {'STATIC': 2, 'SEMI_STATIC': 0, 'DYNAMIC': 0}, 'DYNAMIC': {'STATIC': 2, 'SEMI_STATIC': 0, 'DYNAMIC': 10}}",0.9090909090909091,0.7142857142857143,7,kalman_tracking_only,0.11268199706802215,9.2,18.0,stress_dynamic_fraction,0.35,
motion_aware_full,1.4982921611370152,0.2313068865752066,0.0012197288882884163,0.3293267998378724,4.376270818364245,0.3996171080053997,0.0,47.0,0.6896551724137931,"{'STATIC': {'STATIC': 8, 'SEMI_STATIC': 6, 'DYNAMIC': 1}, 'SEMI_STATIC': {'STATIC': 0, 'SEMI_STATIC': 2, 'DYNAMIC': 0}, 'DYNAMIC': {'STATIC': 2, 'SEMI_STATIC': 0, 'DYNAMIC': 10}}",0.631578947368421,0.8571428571428571,7,full_motion_aware,0.11384437614387456,9.090909090909092,18.0,stress_dynamic_fraction,0.35,
pov_baseline,2.0498951682353392,0.27102279348662905,0.0002615588889629752,0.07062090002000329,5.889750944140197,0.2946820513085529,39.0,62.0,0.3793103448275862,"{'STATIC': {'STATIC': 7, 'SEMI_STATIC': 8, 'DYNAMIC': 0}, 'SEMI_STATIC': {'STATIC': 3, 'SEMI_STATIC': 4, 'DYNAMIC': 0}, 'DYNAMIC': {'STATIC': 3, 'SEMI_STATIC': 4, 'DYNAMIC': 0}}",0.5,0.5714285714285714,11,baseline,,,,stress_dynamic_fraction,0.35,
motion_aware_filter_only,1.4180886453695334,0.26697334613836404,0.0007696911106231039,0.20781659986823803,2.4713411007491994,0.5785110881718752,0.0,47.0,0.6551724137931034,"{'STATIC': {'STATIC': 12, 'SEMI_STATIC': 0, 'DYNAMIC': 3}, 'SEMI_STATIC': {'STATIC': 6, 'SEMI_STATIC': 0, 'DYNAMIC': 1}, 'DYNAMIC': {'STATIC': 0, 'SEMI_STATIC': 0, 'DYNAMIC': 7}}",0.7272727272727273,0.5714285714285714,11,dynamic_filter_only,0.1669912014448932,9.0,49.0,stress_dynamic_fraction,0.35,
motion_aware_tracking_only,1.4180886453695334,0.26697334613836404,0.0009063737044386844,0.24472090019844478,2.4713411007491994,0.5785110881718752,0.0,47.0,0.6551724137931034,"{'STATIC': {'STATIC': 12, 'SEMI_STATIC': 0, 'DYNAMIC': 3}, 'SEMI_STATIC': {'STATIC': 6, 'SEMI_STATIC': 0, 'DYNAMIC': 1}, 'DYNAMIC': {'STATIC': 0, 'SEMI_STATIC': 0, 'DYNAMIC': 7}}",0.7272727272727273,0.5714285714285714,11,kalman_tracking_only,0.1669912014448932,9.0,49.0,stress_dynamic_fraction,0.35,
motion_aware_full,1.537029477424608,0.27033741342162515,0.0008115551848378448,0.2191198999062181,2.54696330513946,0.550618347588259,5.0,57.0,0.4482758620689655,"{'STATIC': {'STATIC': 1, 'SEMI_STATIC': 11, 'DYNAMIC': 3}, 'SEMI_STATIC': {'STATIC': 1, 'SEMI_STATIC': 5, 'DYNAMIC': 1}, 'DYNAMIC': {'STATIC': 0, 'SEMI_STATIC': 0, 'DYNAMIC': 7}}",0.48148148148148145,0.9285714285714286,11,full_motion_aware,0.16156913705706577,9.0,47.0,stress_dynamic_fraction,0.35,
pov_baseline,2.035240011662105,0.29729641918491223,0.0002515155554714578,0.06790919997729361,6.466776020145439,0.30665576338572464,38.0,56.0,0.3103448275862069,"{'STATIC': {'STATIC': 3, 'SEMI_STATIC': 7, 'DYNAMIC': 0}, 'SEMI_STATIC': {'STATIC': 5, 'SEMI_STATIC': 6, 'DYNAMIC': 0}, 'DYNAMIC': {'STATIC': 1, 'SEMI_STATIC': 7, 'DYNAMIC': 0}}",0.65,0.6842105263157895,19,baseline,,,,stress_dynamic_fraction,0.35,
motion_aware_filter_only,1.8955213997366767,0.2956968828890139,0.0008928966665364523,0.24108209996484214,3.890259227371406,0.47400095901312156,0.0,61.0,0.6206896551724138,"{'STATIC': {'STATIC': 10, 'SEMI_STATIC': 0, 'DYNAMIC': 0}, 'SEMI_STATIC': {'STATIC': 8, 'SEMI_STATIC': 0, 'DYNAMIC': 3}, 'DYNAMIC': {'STATIC': 0, 'SEMI_STATIC': 0, 'DYNAMIC': 8}}",1.0,0.5789473684210527,19,dynamic_filter_only,0.1448145126499063,5.5,44.0,stress_dynamic_fraction,0.35,
motion_aware_tracking_only,1.8955213997366767,0.2956968828890139,0.000818195185382609,0.22091270005330443,3.890259227371406,0.47400095901312156,0.0,61.0,0.6206896551724138,"{'STATIC': {'STATIC': 10, 'SEMI_STATIC': 0, 'DYNAMIC': 0}, 'SEMI_STATIC': {'STATIC': 8, 'SEMI_STATIC': 0, 'DYNAMIC': 3}, 'DYNAMIC': {'STATIC': 0, 'SEMI_STATIC': 0, 'DYNAMIC': 8}}",1.0,0.5789473684210527,19,kalman_tracking_only,0.1448145126499063,5.5,44.0,stress_dynamic_fraction,0.35,
motion_aware_full,1.8840572996187772,0.2941734635260806,0.0008470644441398756,0.22870739991776642,3.7816133018613085,0.469831067125344,2.0,66.0,0.5862068965517241,"{'STATIC': {'STATIC': 1, 'SEMI_STATIC': 9, 'DYNAMIC': 0}, 'SEMI_STATIC': {'STATIC': 0, 'SEMI_STATIC': 8, 'DYNAMIC': 3}, 'DYNAMIC': {'STATIC': 0, 'SEMI_STATIC': 0, 'DYNAMIC': 8}}",0.6785714285714286,1.0,19,full_motion_aware,0.1383519165060728,5.5,41.0,stress_dynamic_fraction,0.35,
pov_baseline,2.012523056644992,0.2965301798681894,0.00030822740712513526,0.08322139992378652,5.8913220841256475,0.27517308732180734,28.0,66.0,0.27586206896551724,"{'STATIC': {'STATIC': 5, 'SEMI_STATIC': 5, 'DYNAMIC': 0}, 'SEMI_STATIC': {'STATIC': 3, 'SEMI_STATIC': 3, 'DYNAMIC': 0}, 'DYNAMIC': {'STATIC': 1, 'SEMI_STATIC': 12, 'DYNAMIC': 0}}",0.75,0.7894736842105263,3,baseline,,,,stress_dynamic_fraction,0.5,
motion_aware_filter_only,2.0106270524638,0.30386152840507313,0.0009408607406334744,0.2540323999710381,4.337064995802352,0.4307759645574022,0.0,61.0,0.6551724137931034,"{'STATIC': {'STATIC': 9, 'SEMI_STATIC': 0, 'DYNAMIC': 1}, 'SEMI_STATIC': {'STATIC': 6, 'SEMI_STATIC': 0, 'DYNAMIC': 0}, 'DYNAMIC': {'STATIC': 3, 'SEMI_STATIC': 0, 'DYNAMIC': 10}}",0.9090909090909091,0.5263157894736842,3,dynamic_filter_only,0.11997957964223822,8.125,66.0,stress_dynamic_fraction,0.5,
motion_aware_tracking_only,2.0106270524638,0.30386152840507313,0.000955781481159782,0.25806099991314113,4.337064995802352,0.4307759645574022,0.0,61.0,0.6551724137931034,"{'STATIC': {'STATIC': 9, 'SEMI_STATIC': 0, 'DYNAMIC': 1}, 'SEMI_STATIC': {'STATIC': 6, 'SEMI_STATIC': 0, 'DYNAMIC': 0}, 'DYNAMIC': {'STATIC': 3, 'SEMI_STATIC': 0, 'DYNAMIC': 10}}",0.9090909090909091,0.5263157894736842,3,kalman_tracking_only,0.11997957964223822,8.125,66.0,stress_dynamic_fraction,0.5,
motion_aware_full,1.9752926182150532,0.3020613226471948,0.0010097014821237992,0.2726194001734258,4.223485076182325,0.44290516566898286,6.0,63.0,0.5517241379310345,"{'STATIC': {'STATIC': 0, 'SEMI_STATIC': 9, 'DYNAMIC': 1}, 'SEMI_STATIC': {'STATIC': 0, 'SEMI_STATIC': 6, 'DYNAMIC': 0}, 'DYNAMIC': {'STATIC': 0, 'SEMI_STATIC': 3, 'DYNAMIC': 10}}",0.6551724137931034,1.0,3,full_motion_aware,0.12061786688160446,8.125,66.0,stress_dynamic_fraction,0.5,
pov_baseline,2.649879832762612,0.4244322323903461,0.00031164999947779707,0.08414549985900521,6.179727399858226,0.20075578744930397,24.0,64.0,0.3103448275862069,"{'STATIC': {'STATIC': 6, 'SEMI_STATIC': 6, 'DYNAMIC': 0}, 'SEMI_STATIC': {'STATIC': 3, 'SEMI_STATIC': 3, 'DYNAMIC': 0}, 'DYNAMIC': {'STATIC': 2, 'SEMI_STATIC': 9, 'DYNAMIC': 0}}",0.6666666666666666,0.7058823529411765,7,baseline,,,,stress_dynamic_fraction,0.5,
motion_aware_filter_only,2.6998027002168774,0.4481621255587211,0.000700292963086179,0.18907910003326833,5.57630743575479,0.2275337354246137,0.0,64.0,0.6896551724137931,"{'STATIC': {'STATIC': 11, 'SEMI_STATIC': 0, 'DYNAMIC': 1}, 'SEMI_STATIC': {'STATIC': 5, 'SEMI_STATIC': 0, 'DYNAMIC': 1}, 'DYNAMIC': {'STATIC': 2, 'SEMI_STATIC': 0, 'DYNAMIC': 9}}",0.9090909090909091,0.5882352941176471,7,dynamic_filter_only,0.14867357620327382,6.8,26.0,stress_dynamic_fraction,0.5,
motion_aware_tracking_only,2.6998027002168774,0.4481621255587211,0.0007060459263070866,0.19063240010291338,5.57630743575479,0.2275337354246137,0.0,64.0,0.6896551724137931,"{'STATIC': {'STATIC': 11, 'SEMI_STATIC': 0, 'DYNAMIC': 1}, 'SEMI_STATIC': {'STATIC': 5, 'SEMI_STATIC': 0, 'DYNAMIC': 1}, 'DYNAMIC': {'STATIC': 2, 'SEMI_STATIC': 0, 'DYNAMIC': 9}}",0.9090909090909091,0.5882352941176471,7,kalman_tracking_only,0.14867357620327382,6.8,26.0,stress_dynamic_fraction,0.5,
motion_aware_full,2.696312307698528,0.4544148097063005,0.0007632625927389772,0.20608090003952384,5.610632832989751,0.21855872018611727,2.0,73.0,0.4827586206896552,"{'STATIC': {'STATIC': 0, 'SEMI_STATIC': 11, 'DYNAMIC': 1}, 'SEMI_STATIC': {'STATIC': 0, 'SEMI_STATIC': 5, 'DYNAMIC': 1}, 'DYNAMIC': {'STATIC': 0, 'SEMI_STATIC': 2, 'DYNAMIC': 9}}",0.5862068965517241,1.0,7,full_motion_aware,0.1475367172650483,6.8,25.0,stress_dynamic_fraction,0.5,
pov_baseline,1.9801602811841061,0.2614219650331199,0.0002501988886959022,0.0675536999478936,4.9213198086824885,0.32113377563087336,27.0,52.0,0.3448275862068966,"{'STATIC': {'STATIC': 6, 'SEMI_STATIC': 11, 'DYNAMIC': 0}, 'SEMI_STATIC': {'STATIC': 2, 'SEMI_STATIC': 4, 'DYNAMIC': 0}, 'DYNAMIC': {'STATIC': 1, 'SEMI_STATIC': 5, 'DYNAMIC': 0}}",0.45,0.75,11,baseline,,,,stress_dynamic_fraction,0.5,
motion_aware_filter_only,1.3958400685587145,0.26257625271817264,0.0007672696296746535,0.20716280001215642,3.26322371563151,0.5530534676315588,0.0,44.0,0.6206896551724138,"{'STATIC': {'STATIC': 13, 'SEMI_STATIC': 0, 'DYNAMIC': 4}, 'SEMI_STATIC': {'STATIC': 4, 'SEMI_STATIC': 0, 'DYNAMIC': 2}, 'DYNAMIC': {'STATIC': 1, 'SEMI_STATIC': 0, 'DYNAMIC': 5}}",0.6363636363636364,0.5833333333333334,11,dynamic_filter_only,0.10968131513213876,5.625,4.0,stress_dynamic_fraction,0.5,
motion_aware_tracking_only,1.3958400685587145,0.26257625271817264,0.0008343548151767915,0.22527580009773368,3.26322371563151,0.5530534676315588,0.0,44.0,0.6206896551724138,"{'STATIC': {'STATIC': 13, 'SEMI_STATIC': 0, 'DYNAMIC': 4}, 'SEMI_STATIC': {'STATIC': 4, 'SEMI_STATIC': 0, 'DYNAMIC': 2}, 'DYNAMIC': {'STATIC': 1, 'SEMI_STATIC': 0, 'DYNAMIC': 5}}",0.6363636363636364,0.5833333333333334,11,kalman_tracking_only,0.10968131513213876,5.625,4.0,stress_dynamic_fraction,0.5,
motion_aware_full,1.3065574977093948,0.26617704268539377,0.0007693229631210369,0.20771720004267996,3.0348689216099296,0.5743281666731627,3.0,48.0,0.3793103448275862,"{'STATIC': {'STATIC': 3, 'SEMI_STATIC': 10, 'DYNAMIC': 4}, 'SEMI_STATIC': {'STATIC': 1, 'SEMI_STATIC': 3, 'DYNAMIC': 2}, 'DYNAMIC': {'STATIC': 0, 'SEMI_STATIC': 1, 'DYNAMIC': 5}}",0.44,0.9166666666666666,11,full_motion_aware,0.114748456012794,6.0,7.0,stress_dynamic_fraction,0.5,
pov_baseline,2.0134462339856523,0.27191722892063314,0.00028502074053028117,0.07695559994317591,6.571205868447048,0.22007524485008137,30.0,68.0,0.3448275862068966,"{'STATIC': {'STATIC': 4, 'SEMI_STATIC': 8, 'DYNAMIC': 0}, 'SEMI_STATIC': {'STATIC': 1, 'SEMI_STATIC': 6, 'DYNAMIC': 0}, 'DYNAMIC': {'STATIC': 4, 'SEMI_STATIC': 6, 'DYNAMIC': 0}}",0.6,0.7058823529411765,19,baseline,,,,stress_dynamic_fraction,0.5,
motion_aware_filter_only,1.706204232144454,0.27182550292649205,0.0008858429630183511,0.2391776000149548,3.767764154340357,0.418930365129829,0.0,59.0,0.7586206896551724,"{'STATIC': {'STATIC': 12, 'SEMI_STATIC': 0, 'DYNAMIC': 0}, 'SEMI_STATIC': {'STATIC': 6, 'SEMI_STATIC': 0, 'DYNAMIC': 1}, 'DYNAMIC': {'STATIC': 0, 'SEMI_STATIC': 0, 'DYNAMIC': 10}}",1.0,0.6470588235294118,19,dynamic_filter_only,0.15510770986313158,6.714285714285714,39.0,stress_dynamic_fraction,0.5,
motion_aware_tracking_only,1.706204232144454,0.27182550292649205,0.0008568196290138142,0.23134129983372984,3.767764154340357,0.418930365129829,0.0,59.0,0.7586206896551724,"{'STATIC': {'STATIC': 12, 'SEMI_STATIC': 0, 'DYNAMIC': 0}, 'SEMI_STATIC': {'STATIC': 6, 'SEMI_STATIC': 0, 'DYNAMIC': 1}, 'DYNAMIC': {'STATIC': 0, 'SEMI_STATIC': 0, 'DYNAMIC': 10}}",1.0,0.6470588235294118,19,kalman_tracking_only,0.15510770986313158,6.714285714285714,39.0,stress_dynamic_fraction,0.5,
motion_aware_full,1.6889981091265955,0.272659236968957,0.0008762788889860664,0.2365953000262379,3.5858504863674465,0.4362094793414408,2.0,65.0,0.6551724137931034,"{'STATIC': {'STATIC': 3, 'SEMI_STATIC': 9, 'DYNAMIC': 0}, 'SEMI_STATIC': {'STATIC': 0, 'SEMI_STATIC': 6, 'DYNAMIC': 1}, 'DYNAMIC': {'STATIC': 0, 'SEMI_STATIC': 0, 'DYNAMIC': 10}}",0.6538461538461539,1.0,19,full_motion_aware,0.15436140203954574,6.714285714285714,38.0,stress_dynamic_fraction,0.5,
pov_baseline,1.8191998930817845,0.1886335165353065,0.0004081607408200702,0.11020340002141896,8.840744660714364,0.24444293088076843,23.0,67.0,0.27586206896551724,"{'STATIC': {'STATIC': 5, 'SEMI_STATIC': 5, 'DYNAMIC': 0}, 'SEMI_STATIC': {'STATIC': 1, 'SEMI_STATIC': 3, 'DYNAMIC': 0}, 'DYNAMIC': {'STATIC': 2, 'SEMI_STATIC': 13, 'DYNAMIC': 0}}",0.7619047619047619,0.8421052631578947,3,baseline,,,,stress_dynamic_fraction,0.65,
motion_aware_filter_only,1.2268146048562059,0.20160315295717074,0.0008521974069514761,0.23009329987689853,6.095764226640583,0.36835711103302693,0.0,56.0,0.7241379310344828,"{'STATIC': {'STATIC': 10, 'SEMI_STATIC': 0, 'DYNAMIC': 0}, 'SEMI_STATIC': {'STATIC': 4, 'SEMI_STATIC': 0, 'DYNAMIC': 0}, 'DYNAMIC': {'STATIC': 4, 'SEMI_STATIC': 0, 'DYNAMIC': 11}}",1.0,0.5789473684210527,3,dynamic_filter_only,0.10667309958751829,6.454545454545454,70.0,stress_dynamic_fraction,0.65,
motion_aware_tracking_only,1.2268146048562059,0.20160315295717074,0.0008670459259991293,0.2341024000197649,6.095764226640583,0.36835711103302693,0.0,56.0,0.7241379310344828,"{'STATIC': {'STATIC': 10, 'SEMI_STATIC': 0, 'DYNAMIC': 0}, 'SEMI_STATIC': {'STATIC': 4, 'SEMI_STATIC': 0, 'DYNAMIC': 0}, 'DYNAMIC': {'STATIC': 4, 'SEMI_STATIC': 0, 'DYNAMIC': 11}}",1.0,0.5789473684210527,3,kalman_tracking_only,0.10667309958751829,6.454545454545454,70.0,stress_dynamic_fraction,0.65,
motion_aware_full,1.7465914478069358,0.21686022131059665,0.0012099662959506664,0.32669089990667993,6.238953408884949,0.3044971114826226,4.0,65.0,0.5172413793103449,"{'STATIC': {'STATIC': 0, 'SEMI_STATIC': 10, 'DYNAMIC': 0}, 'SEMI_STATIC': {'STATIC': 0, 'SEMI_STATIC': 4, 'DYNAMIC': 0}, 'DYNAMIC': {'STATIC': 0, 'SEMI_STATIC': 4, 'DYNAMIC': 11}}",0.6551724137931034,1.0,3,full_motion_aware,0.1062247215887285,6.454545454545454,67.0,stress_dynamic_fraction,0.65,
pov_baseline,1.3128929174433535,0.24102108376648643,0.0002495799998373345,0.06738659995608032,6.134954791424566,0.29961087355201693,25.0,48.0,0.27586206896551724,"{'STATIC': {'STATIC': 5, 'SEMI_STATIC': 8, 'DYNAMIC': 0}, 'SEMI_STATIC': {'STATIC': 2, 'SEMI_STATIC': 3, 'DYNAMIC': 0}, 'DYNAMIC': {'STATIC': 2, 'SEMI_STATIC': 9, 'DYNAMIC': 0}}",0.6,0.75,7,baseline,,,,stress_dynamic_fraction,0.65,
motion_aware_filter_only,1.3829110057018046,0.24930456156501501,0.0009067500001509433,0.24482250004075468,5.1193102592911925,0.36231124329234055,0.0,53.0,0.6896551724137931,"{'STATIC': {'STATIC': 11, 'SEMI_STATIC': 0, 'DYNAMIC': 2}, 'SEMI_STATIC': {'STATIC': 5, 'SEMI_STATIC': 0, 'DYNAMIC': 0}, 'DYNAMIC': {'STATIC': 2, 'SEMI_STATIC': 0, 'DYNAMIC': 9}}",0.8181818181818182,0.5625,7,dynamic_filter_only,0.1484361750660096,6.25,13.0,stress_dynamic_fraction,0.65,
motion_aware_tracking_only,1.3829110057018046,0.24930456156501501,0.0007987418522437413,0.21566030010581017,5.1193102592911925,0.36231124329234055,0.0,53.0,0.6896551724137931,"{'STATIC': {'STATIC': 11, 'SEMI_STATIC': 0, 'DYNAMIC': 2}, 'SEMI_STATIC': {'STATIC': 5, 'SEMI_STATIC': 0, 'DYNAMIC': 0}, 'DYNAMIC': {'STATIC': 2, 'SEMI_STATIC': 0, 'DYNAMIC': 9}}",0.8181818181818182,0.5625,7,kalman_tracking_only,0.1484361750660096,6.25,13.0,stress_dynamic_fraction,0.65,
motion_aware_full,0.9341172552764636,0.2428871035685085,0.0008236166667538109,0.22237650002352893,4.991283087070217,0.3742459744054718,3.0,47.0,0.6551724137931034,"{'STATIC': {'STATIC': 7, 'SEMI_STATIC': 4, 'DYNAMIC': 2}, 'SEMI_STATIC': {'STATIC': 2, 'SEMI_STATIC': 3, 'DYNAMIC': 0}, 'DYNAMIC': {'STATIC': 2, 'SEMI_STATIC': 0, 'DYNAMIC': 9}}",0.6666666666666666,0.75,7,full_motion_aware,0.15007588084077014,8.0,12.0,stress_dynamic_fraction,0.65,
pov_baseline,1.9801602811841061,0.2614219650331199,0.000404752592590672,0.10928319999948144,4.9213198086824885,0.32113377563087336,27.0,52.0,0.3448275862068966,"{'STATIC': {'STATIC': 6, 'SEMI_STATIC': 11, 'DYNAMIC': 0}, 'SEMI_STATIC': {'STATIC': 2, 'SEMI_STATIC': 4, 'DYNAMIC': 0}, 'DYNAMIC': {'STATIC': 1, 'SEMI_STATIC': 5, 'DYNAMIC': 0}}",0.45,0.75,11,baseline,,,,stress_dynamic_fraction,0.65,
motion_aware_filter_only,1.3958400685587145,0.26257625271817264,0.0008477759262960817,0.22889950009994206,3.26322371563151,0.5530534676315588,0.0,44.0,0.6206896551724138,"{'STATIC': {'STATIC': 13, 'SEMI_STATIC': 0, 'DYNAMIC': 4}, 'SEMI_STATIC': {'STATIC': 4, 'SEMI_STATIC': 0, 'DYNAMIC': 2}, 'DYNAMIC': {'STATIC': 1, 'SEMI_STATIC': 0, 'DYNAMIC': 5}}",0.6363636363636364,0.5833333333333334,11,dynamic_filter_only,0.10968131513213876,5.625,4.0,stress_dynamic_fraction,0.65,
motion_aware_tracking_only,1.3958400685587145,0.26257625271817264,0.000893790740519762,0.24132349994033575,3.26322371563151,0.5530534676315588,0.0,44.0,0.6206896551724138,"{'STATIC': {'STATIC': 13, 'SEMI_STATIC': 0, 'DYNAMIC': 4}, 'SEMI_STATIC': {'STATIC': 4, 'SEMI_STATIC': 0, 'DYNAMIC': 2}, 'DYNAMIC': {'STATIC': 1, 'SEMI_STATIC': 0, 'DYNAMIC': 5}}",0.6363636363636364,0.5833333333333334,11,kalman_tracking_only,0.10968131513213876,5.625,4.0,stress_dynamic_fraction,0.65,
motion_aware_full,1.3065574977093948,0.26617704268539377,0.0008582562967031091,0.23172920010983944,3.0348689216099296,0.5743281666731627,3.0,48.0,0.3793103448275862,"{'STATIC': {'STATIC': 3, 'SEMI_STATIC': 10, 'DYNAMIC': 4}, 'SEMI_STATIC': {'STATIC': 1, 'SEMI_STATIC': 3, 'DYNAMIC': 2}, 'DYNAMIC': {'STATIC': 0, 'SEMI_STATIC': 1, 'DYNAMIC': 5}}",0.44,0.9166666666666666,11,full_motion_aware,0.114748456012794,6.0,7.0,stress_dynamic_fraction,0.65,
pov_baseline,1.3088359173311528,0.23477328195395847,0.00039024555503770157,0.10536629986017942,5.684210639748253,0.3451568187912838,23.0,52.0,0.27586206896551724,"{'STATIC': {'STATIC': 5, 'SEMI_STATIC': 8, 'DYNAMIC': 0}, 'SEMI_STATIC': {'STATIC': 2, 'SEMI_STATIC': 3, 'DYNAMIC': 0}, 'DYNAMIC': {'STATIC': 2, 'SEMI_STATIC': 9, 'DYNAMIC': 0}}",0.6,0.75,19,baseline,,,,stress_dynamic_fraction,0.65,
motion_aware_filter_only,1.5249180864078873,0.25023045798746946,0.0009403677769350233,0.2538992997724563,5.6922236961739605,0.44023216076761235,0.0,61.0,0.6551724137931034,"{'STATIC': {'STATIC': 11, 'SEMI_STATIC': 0, 'DYNAMIC': 2}, 'SEMI_STATIC': {'STATIC': 4, 'SEMI_STATIC': 0, 'DYNAMIC': 1}, 'DYNAMIC': {'STATIC': 3, 'SEMI_STATIC': 0, 'DYNAMIC': 8}}",0.8181818181818182,0.5625,19,dynamic_filter_only,0.12910366361146366,5.0,5.0,stress_dynamic_fraction,0.65,
motion_aware_tracking_only,1.5249180864078873,0.25023045798746946,0.000975690370736023,0.2634364000987262,5.6922236961739605,0.44023216076761235,0.0,61.0,0.6551724137931034,"{'STATIC': {'STATIC': 11, 'SEMI_STATIC': 0, 'DYNAMIC': 2}, 'SEMI_STATIC': {'STATIC': 4, 'SEMI_STATIC': 0, 'DYNAMIC': 1}, 'DYNAMIC': {'STATIC': 3, 'SEMI_STATIC': 0, 'DYNAMIC': 8}}",0.8181818181818182,0.5625,19,kalman_tracking_only,0.12910366361146366,5.0,5.0,stress_dynamic_fraction,0.65,
motion_aware_full,1.5495831671961662,0.26216599838888927,0.0008744148149465519,0.23609200003556902,5.137958693303053,0.45412451262343745,1.0,63.0,0.4482758620689655,"{'STATIC': {'STATIC': 1, 'SEMI_STATIC': 10, 'DYNAMIC': 2}, 'SEMI_STATIC': {'STATIC': 0, 'SEMI_STATIC': 4, 'DYNAMIC': 1}, 'DYNAMIC': {'STATIC': 1, 'SEMI_STATIC': 2, 'DYNAMIC': 8}}",0.5555555555555556,0.9375,19,full_motion_aware,0.13071760513472952,5.0,6.0,stress_dynamic_fraction,0.65,
pov_baseline,2.932425275117147,0.38454598978220594,0.0002600759259183649,0.07022049999795853,5.003010152665726,0.26581691086384457,44.0,56.0,0.4827586206896552,"{'STATIC': {'STATIC': 9, 'SEMI_STATIC': 6, 'DYNAMIC': 0}, 'SEMI_STATIC': {'STATIC': 4, 'SEMI_STATIC': 5, 'DYNAMIC': 0}, 'DYNAMIC': {'STATIC': 1, 'SEMI_STATIC': 4, 'DYNAMIC': 0}}",0.6,0.6428571428571429,3,baseline,,,,stress_noise,,0.15
motion_aware_filter_only,3.041827604005902,0.3911036463012809,0.001011809999882071,0.2731886999681592,4.5774078563856335,0.2659522215879328,0.0,73.0,0.4827586206896552,"{'STATIC': {'STATIC': 11, 'SEMI_STATIC': 0, 'DYNAMIC': 4}, 'SEMI_STATIC': {'STATIC': 8, 'SEMI_STATIC': 0, 'DYNAMIC': 1}, 'DYNAMIC': {'STATIC': 2, 'SEMI_STATIC': 0, 'DYNAMIC': 3}}",0.5,0.2857142857142857,3,dynamic_filter_only,0.06435140856669673,11.333333333333334,3.0,stress_noise,,0.15
motion_aware_tracking_only,3.041827604005902,0.3911036463012809,0.000877267777643822,0.23686229996383193,4.5774078563856335,0.2659522215879328,0.0,73.0,0.4827586206896552,"{'STATIC': {'STATIC': 11, 'SEMI_STATIC': 0, 'DYNAMIC': 4}, 'SEMI_STATIC': {'STATIC': 8, 'SEMI_STATIC': 0, 'DYNAMIC': 1}, 'DYNAMIC': {'STATIC': 2, 'SEMI_STATIC': 0, 'DYNAMIC': 3}}",0.5,0.2857142857142857,3,kalman_tracking_only,0.06435140856669673,11.333333333333334,3.0,stress_noise,,0.15
motion_aware_full,2.967623649119507,0.3995223525043788,0.0008240677778505614,0.22249830001965157,4.530258529518652,0.277781681940148,4.0,78.0,0.3793103448275862,"{'STATIC': {'STATIC': 0, 'SEMI_STATIC': 11, 'DYNAMIC': 4}, 'SEMI_STATIC': {'STATIC': 0, 'SEMI_STATIC': 8, 'DYNAMIC': 1}, 'DYNAMIC': {'STATIC': 0, 'SEMI_STATIC': 2, 'DYNAMIC': 3}}",0.4827586206896552,1.0,3,full_motion_aware,0.06607666114760805,13.0,3.0,stress_noise,,0.15
pov_baseline,3.0351316767478154,0.3608869876700701,0.00027814740746247545,0.07509980001486838,7.106898888946829,0.2328880851948905,56.0,59.0,0.2413793103448276,"{'STATIC': {'STATIC': 4, 'SEMI_STATIC': 11, 'DYNAMIC': 0}, 'SEMI_STATIC': {'STATIC': 4, 'SEMI_STATIC': 3, 'DYNAMIC': 0}, 'DYNAMIC': {'STATIC': 1, 'SEMI_STATIC': 6, 'DYNAMIC': 0}}",0.45,0.6428571428571429,7,baseline,,,,stress_noise,,0.15
motion_aware_filter_only,2.4196051896533626,0.3388585784718578,0.0010154988884029013,0.27418469986878335,4.921306521882015,0.38880185702518566,0.0,61.0,0.6551724137931034,"{'STATIC': {'STATIC': 13, 'SEMI_STATIC': 0, 'DYNAMIC': 2}, 'SEMI_STATIC': {'STATIC': 5, 'SEMI_STATIC': 0, 'DYNAMIC': 2}, 'DYNAMIC': {'STATIC': 1, 'SEMI_STATIC': 0, 'DYNAMIC': 6}}",0.8,0.5714285714285714,7,dynamic_filter_only,0.12201846101422688,6.666666666666667,37.0,stress_noise,,0.15
motion_aware_tracking_only,2.4196051896533626,0.3388585784718578,0.0008587229634738631,0.23185520013794303,4.921306521882015,0.38880185702518566,0.0,61.0,0.6551724137931034,"{'STATIC': {'STATIC': 13, 'SEMI_STATIC': 0, 'DYNAMIC': 2}, 'SEMI_STATIC': {'STATIC': 5, 'SEMI_STATIC': 0, 'DYNAMIC': 2}, 'DYNAMIC': {'STATIC': 1, 'SEMI_STATIC': 0, 'DYNAMIC': 6}}",0.8,0.5714285714285714,7,kalman_tracking_only,0.12201846101422688,6.666666666666667,37.0,stress_noise,,0.15
motion_aware_full,2.25021827992502,0.3410729777612782,0.0008666448148519355,0.23399410001002258,4.804993123279794,0.40282411054391576,3.0,61.0,0.41379310344827586,"{'STATIC': {'STATIC': 1, 'SEMI_STATIC': 11, 'DYNAMIC': 3}, 'SEMI_STATIC': {'STATIC': 0, 'SEMI_STATIC': 5, 'DYNAMIC': 2}, 'DYNAMIC': {'STATIC': 0, 'SEMI_STATIC': 1, 'DYNAMIC': 6}}",0.5,1.0,7,full_motion_aware,0.12494963040200309,5.25,38.0,stress_noise,,0.15
pov_baseline,2.1163788536274835,0.24903727223888877,0.00027012481543890857,0.07293370016850531,6.83336408996629,0.24769044518036648,42.0,61.0,0.3793103448275862,"{'STATIC': {'STATIC': 7, 'SEMI_STATIC': 8, 'DYNAMIC': 0}, 'SEMI_STATIC': {'STATIC': 3, 'SEMI_STATIC': 4, 'DYNAMIC': 0}, 'DYNAMIC': {'STATIC': 3, 'SEMI_STATIC': 4, 'DYNAMIC': 0}}",0.5,0.5714285714285714,11,baseline,,,,stress_noise,,0.15
motion_aware_filter_only,1.3949168620281154,0.2288689337764963,0.0008280399997063257,0.22357079992070794,2.5675130969670716,0.55897904794807,0.0,46.0,0.6551724137931034,"{'STATIC': {'STATIC': 12, 'SEMI_STATIC': 0, 'DYNAMIC': 3}, 'SEMI_STATIC': {'STATIC': 6, 'SEMI_STATIC': 0, 'DYNAMIC': 1}, 'DYNAMIC': {'STATIC': 0, 'SEMI_STATIC': 0, 'DYNAMIC': 7}}",0.7272727272727273,0.5714285714285714,11,dynamic_filter_only,0.1157841700901959,9.0,44.0,stress_noise,,0.15
motion_aware_tracking_only,1.3949168620281154,0.2288689337764963,0.0008193425929035852,0.22122250008396802,2.5675130969670716,0.55897904794807,0.0,46.0,0.6551724137931034,"{'STATIC': {'STATIC': 12, 'SEMI_STATIC': 0, 'DYNAMIC': 3}, 'SEMI_STATIC': {'STATIC': 6, 'SEMI_STATIC': 0, 'DYNAMIC': 1}, 'DYNAMIC': {'STATIC': 0, 'SEMI_STATIC': 0, 'DYNAMIC': 7}}",0.7272727272727273,0.5714285714285714,11,kalman_tracking_only,0.1157841700901959,9.0,44.0,stress_noise,,0.15
motion_aware_full,1.4441134276971546,0.23184134231658773,0.0007541266666656291,0.20361419999971986,2.6977586994519553,0.5271313940637746,4.0,50.0,0.4827586206896552,"{'STATIC': {'STATIC': 1, 'SEMI_STATIC': 11, 'DYNAMIC': 3}, 'SEMI_STATIC': {'STATIC': 0, 'SEMI_STATIC': 6, 'DYNAMIC': 1}, 'DYNAMIC': {'STATIC': 0, 'SEMI_STATIC': 0, 'DYNAMIC': 7}}",0.5,1.0,11,full_motion_aware,0.11409770440038744,9.0,42.0,stress_noise,,0.15
pov_baseline,1.6373322600625435,0.22921203200064147,0.0002725414811047139,0.07358619989827275,8.253819368053646,0.2975130316176734,49.0,52.0,0.41379310344827586,"{'STATIC': {'STATIC': 6, 'SEMI_STATIC': 8, 'DYNAMIC': 0}, 'SEMI_STATIC': {'STATIC': 3, 'SEMI_STATIC': 6, 'DYNAMIC': 0}, 'DYNAMIC': {'STATIC': 1, 'SEMI_STATIC': 5, 'DYNAMIC': 0}}",0.5789473684210527,0.7333333333333333,19,baseline,,,,stress_noise,,0.15
motion_aware_filter_only,1.419197837411888,0.2178611215477028,0.0007840062965880389,0.21168170007877052,2.688168930404456,0.5606860717656541,0.0,51.0,0.6206896551724138,"{'STATIC': {'STATIC': 12, 'SEMI_STATIC': 0, 'DYNAMIC': 2}, 'SEMI_STATIC': {'STATIC': 7, 'SEMI_STATIC': 0, 'DYNAMIC': 2}, 'DYNAMIC': {'STATIC': 0, 'SEMI_STATIC': 0, 'DYNAMIC': 6}}",0.8,0.5333333333333333,19,dynamic_filter_only,0.07911017366722904,8.4,7.0,stress_noise,,0.15
motion_aware_tracking_only,1.419197837411888,0.2178611215477028,0.0009110881481319665,0.24599379999563098,2.688168930404456,0.5606860717656541,0.0,51.0,0.6206896551724138,"{'STATIC': {'STATIC': 12, 'SEMI_STATIC': 0, 'DYNAMIC': 2}, 'SEMI_STATIC': {'STATIC': 7, 'SEMI_STATIC': 0, 'DYNAMIC': 2}, 'DYNAMIC': {'STATIC': 0, 'SEMI_STATIC': 0, 'DYNAMIC': 6}}",0.8,0.5333333333333333,19,kalman_tracking_only,0.07911017366722904,8.4,7.0,stress_noise,,0.15
motion_aware_full,1.7628323433872923,0.22534383630049656,0.000782284814933384,0.21121690003201368,2.9034024485338694,0.5084231487239896,4.0,57.0,0.4827586206896552,"{'STATIC': {'STATIC': 1, 'SEMI_STATIC': 11, 'DYNAMIC': 2}, 'SEMI_STATIC': {'STATIC': 0, 'SEMI_STATIC': 7, 'DYNAMIC': 2}, 'DYNAMIC': {'STATIC': 0, 'SEMI_STATIC': 0, 'DYNAMIC': 6}}",0.5357142857142857,1.0,19,full_motion_aware,0.08102314652227843,8.4,6.0,stress_noise,,0.15
pov_baseline,2.9846173865434458,0.3887336830401068,0.0002638381483309247,0.07123630004934967,5.251663957819009,0.2284549934508411,46.0,58.0,0.4827586206896552,"{'STATIC': {'STATIC': 9, 'SEMI_STATIC': 6, 'DYNAMIC': 0}, 'SEMI_STATIC': {'STATIC': 4, 'SEMI_STATIC': 5, 'DYNAMIC': 0}, 'DYNAMIC': {'STATIC': 1, 'SEMI_STATIC': 4, 'DYNAMIC': 0}}",0.6,0.6428571428571429,3,baseline,,,,stress_noise,,0.25
motion_aware_filter_only,2.86845527591198,0.4008321160952983,0.0008425077777010975,0.22747709997929633,4.376823452187587,0.28773032009273725,0.0,69.0,0.41379310344827586,"{'STATIC': {'STATIC': 9, 'SEMI_STATIC': 0, 'DYNAMIC': 6}, 'SEMI_STATIC': {'STATIC': 7, 'SEMI_STATIC': 0, 'DYNAMIC': 2}, 'DYNAMIC': {'STATIC': 2, 'SEMI_STATIC': 0, 'DYNAMIC': 3}}",0.45454545454545453,0.35714285714285715,3,dynamic_filter_only,0.09987824844872883,13.0,7.0,stress_noise,,0.25
motion_aware_tracking_only,2.86845527591198,0.4008321160952983,0.0009429025929421186,0.25458370009437203,4.376823452187587,0.28773032009273725,0.0,69.0,0.41379310344827586,"{'STATIC': {'STATIC': 9, 'SEMI_STATIC': 0, 'DYNAMIC': 6}, 'SEMI_STATIC': {'STATIC': 7, 'SEMI_STATIC': 0, 'DYNAMIC': 2}, 'DYNAMIC': {'STATIC': 2, 'SEMI_STATIC': 0, 'DYNAMIC': 3}}",0.45454545454545453,0.35714285714285715,3,kalman_tracking_only,0.09987824844872883,13.0,7.0,stress_noise,,0.25
motion_aware_full,2.893124417269603,0.4054715355121351,0.0008433551855247332,0.22770590009167796,4.475158546611885,0.27902185762124837,5.0,69.0,0.3793103448275862,"{'STATIC': {'STATIC': 1, 'SEMI_STATIC': 8, 'DYNAMIC': 6}, 'SEMI_STATIC': {'STATIC': 0, 'SEMI_STATIC': 7, 'DYNAMIC': 2}, 'DYNAMIC': {'STATIC': 1, 'SEMI_STATIC': 1, 'DYNAMIC': 3}}",0.48148148148148145,0.9285714285714286,3,full_motion_aware,0.10115965338937341,13.0,7.0,stress_noise,,0.25
pov_baseline,2.983081195324725,0.36890778978039335,0.00027921629586705453,0.07538839988410473,6.615919258494374,0.27371571042575366,47.0,59.0,0.20689655172413793,"{'STATIC': {'STATIC': 3, 'SEMI_STATIC': 12, 'DYNAMIC': 0}, 'SEMI_STATIC': {'STATIC': 4, 'SEMI_STATIC': 3, 'DYNAMIC': 0}, 'DYNAMIC': {'STATIC': 0, 'SEMI_STATIC': 7, 'DYNAMIC': 0}}",0.45454545454545453,0.7142857142857143,7,baseline,,,,stress_noise,,0.25
motion_aware_filter_only,2.1505915578985535,0.35029499042512313,0.0008362407408033808,0.22578500001691282,4.573917563310046,0.41746563848862706,0.0,57.0,0.6206896551724138,"{'STATIC': {'STATIC': 12, 'SEMI_STATIC': 0, 'DYNAMIC': 3}, 'SEMI_STATIC': {'STATIC': 5, 'SEMI_STATIC': 0, 'DYNAMIC': 2}, 'DYNAMIC': {'STATIC': 1, 'SEMI_STATIC': 0, 'DYNAMIC': 6}}",0.7272727272727273,0.5714285714285714,7,dynamic_filter_only,0.14994397428212836,5.25,38.0,stress_noise,,0.25
motion_aware_tracking_only,2.1505915578985535,0.35029499042512313,0.0008724592591601388,0.2355639999732375,4.573917563310046,0.41746563848862706,0.0,57.0,0.6206896551724138,"{'STATIC': {'STATIC': 12, 'SEMI_STATIC': 0, 'DYNAMIC': 3}, 'SEMI_STATIC': {'STATIC': 5, 'SEMI_STATIC': 0, 'DYNAMIC': 2}, 'DYNAMIC': {'STATIC': 1, 'SEMI_STATIC': 0, 'DYNAMIC': 6}}",0.7272727272727273,0.5714285714285714,7,kalman_tracking_only,0.14994397428212836,5.25,38.0,stress_noise,,0.25
motion_aware_full,2.272125275101331,0.35353762226762897,0.0010097307403123489,0.2726272998843342,4.549856273091811,0.4165387093173981,4.0,60.0,0.3793103448275862,"{'STATIC': {'STATIC': 1, 'SEMI_STATIC': 11, 'DYNAMIC': 3}, 'SEMI_STATIC': {'STATIC': 1, 'SEMI_STATIC': 4, 'DYNAMIC': 2}, 'DYNAMIC': {'STATIC': 1, 'SEMI_STATIC': 0, 'DYNAMIC': 6}}",0.46153846153846156,0.8571428571428571,7,full_motion_aware,0.1496945411824894,5.25,38.0,stress_noise,,0.25
pov_baseline,2.0928644271620813,0.25399375545542746,0.0002767666665561221,0.07472699997015297,6.332187018986801,0.28838431506295903,49.0,61.0,0.3793103448275862,"{'STATIC': {'STATIC': 7, 'SEMI_STATIC': 8, 'DYNAMIC': 0}, 'SEMI_STATIC': {'STATIC': 3, 'SEMI_STATIC': 4, 'DYNAMIC': 0}, 'DYNAMIC': {'STATIC': 3, 'SEMI_STATIC': 4, 'DYNAMIC': 0}}",0.5,0.5714285714285714,11,baseline,,,,stress_noise,,0.25
motion_aware_filter_only,1.4038764776621138,0.24732949841084606,0.0007378059258270597,0.19920759997330612,2.485092090148121,0.5757056628700202,0.0,47.0,0.6551724137931034,"{'STATIC': {'STATIC': 12, 'SEMI_STATIC': 0, 'DYNAMIC': 3}, 'SEMI_STATIC': {'STATIC': 6, 'SEMI_STATIC': 0, 'DYNAMIC': 1}, 'DYNAMIC': {'STATIC': 0, 'SEMI_STATIC': 0, 'DYNAMIC': 7}}",0.7272727272727273,0.5714285714285714,11,dynamic_filter_only,0.14155502050085805,9.0,49.0,stress_noise,,0.25
motion_aware_tracking_only,1.4038764776621138,0.24732949841084606,0.0007416355552979641,0.20024159993045032,2.485092090148121,0.5757056628700202,0.0,47.0,0.6551724137931034,"{'STATIC': {'STATIC': 12, 'SEMI_STATIC': 0, 'DYNAMIC': 3}, 'SEMI_STATIC': {'STATIC': 6, 'SEMI_STATIC': 0, 'DYNAMIC': 1}, 'DYNAMIC': {'STATIC': 0, 'SEMI_STATIC': 0, 'DYNAMIC': 7}}",0.7272727272727273,0.5714285714285714,11,kalman_tracking_only,0.14155502050085805,9.0,49.0,stress_noise,,0.25
motion_aware_full,1.325222537539366,0.24814436983892663,0.0008799892591519488,0.23759709997102618,2.5500945994500936,0.5557124609231214,1.0,52.0,0.4482758620689655,"{'STATIC': {'STATIC': 1, 'SEMI_STATIC': 11, 'DYNAMIC': 3}, 'SEMI_STATIC': {'STATIC': 1, 'SEMI_STATIC': 5, 'DYNAMIC': 1}, 'DYNAMIC': {'STATIC': 0, 'SEMI_STATIC': 0, 'DYNAMIC': 7}}",0.48148148148148145,0.9285714285714286,11,full_motion_aware,0.14200942277592218,9.0,48.0,stress_noise,,0.25
pov_baseline,1.6488951066032822,0.23067652468401348,0.0002546974069749316,0.06876829988323152,7.024314661227208,0.29705039063159366,38.0,51.0,0.4482758620689655,"{'STATIC': {'STATIC': 6, 'SEMI_STATIC': 8, 'DYNAMIC': 0}, 'SEMI_STATIC': {'STATIC': 2, 'SEMI_STATIC': 7, 'DYNAMIC': 0}, 'DYNAMIC': {'STATIC': 2, 'SEMI_STATIC': 4, 'DYNAMIC': 0}}",0.5789473684210527,0.7333333333333333,19,baseline,,,,stress_noise,,0.25
motion_aware_filter_only,1.3511659674621717,0.22980538387839972,0.0008925837033462743,0.24099759990349406,2.6736346526894867,0.5695286430538462,0.0,48.0,0.6206896551724138,"{'STATIC': {'STATIC': 12, 'SEMI_STATIC': 0, 'DYNAMIC': 2}, 'SEMI_STATIC': {'STATIC': 6, 'SEMI_STATIC': 0, 'DYNAMIC': 3}, 'DYNAMIC': {'STATIC': 0, 'SEMI_STATIC': 0, 'DYNAMIC': 6}}",0.8181818181818182,0.6,19,dynamic_filter_only,0.1086215308684189,8.4,8.0,stress_noise,,0.25
motion_aware_tracking_only,1.3511659674621717,0.22980538387839972,0.0009934366663434991,0.26822789991274476,2.6736346526894867,0.5695286430538462,0.0,48.0,0.6206896551724138,"{'STATIC': {'STATIC': 12, 'SEMI_STATIC': 0, 'DYNAMIC': 2}, 'SEMI_STATIC': {'STATIC': 6, 'SEMI_STATIC': 0, 'DYNAMIC': 3}, 'DYNAMIC': {'STATIC': 0, 'SEMI_STATIC': 0, 'DYNAMIC': 6}}",0.8181818181818182,0.6,19,kalman_tracking_only,0.1086215308684189,8.4,8.0,stress_noise,,0.25
motion_aware_full,1.476186721847346,0.23570389796238095,0.0008045348149068929,0.2172244000248611,2.843008103478163,0.5358134100018684,1.0,49.0,0.4482758620689655,"{'STATIC': {'STATIC': 1, 'SEMI_STATIC': 11, 'DYNAMIC': 2}, 'SEMI_STATIC': {'STATIC': 0, 'SEMI_STATIC': 6, 'DYNAMIC': 3}, 'DYNAMIC': {'STATIC': 0, 'SEMI_STATIC': 0, 'DYNAMIC': 6}}",0.5357142857142857,1.0,19,full_motion_aware,0.11006716695653553,8.4,8.0,stress_noise,,0.25
pov_baseline,2.9777791780864264,0.3923000627335861,0.00026066999934199777,0.0703808998223394,5.206474156479859,0.2377141347754596,34.0,58.0,0.4482758620689655,"{'STATIC': {'STATIC': 7, 'SEMI_STATIC': 8, 'DYNAMIC': 0}, 'SEMI_STATIC': {'STATIC': 3, 'SEMI_STATIC': 6, 'DYNAMIC': 0}, 'DYNAMIC': {'STATIC': 2, 'SEMI_STATIC': 3, 'DYNAMIC': 0}}",0.5294117647058824,0.6428571428571429,3,baseline,,,,stress_noise,,0.35
motion_aware_filter_only,2.9242012228095517,0.4179121114165777,0.0008199114809502606,0.22137609985657036,4.520388056244092,0.2700158513730105,0.0,66.0,0.41379310344827586,"{'STATIC': {'STATIC': 9, 'SEMI_STATIC': 0, 'DYNAMIC': 6}, 'SEMI_STATIC': {'STATIC': 7, 'SEMI_STATIC': 0, 'DYNAMIC': 2}, 'DYNAMIC': {'STATIC': 2, 'SEMI_STATIC': 0, 'DYNAMIC': 3}}",0.45454545454545453,0.35714285714285715,3,dynamic_filter_only,0.1294152267403172,13.0,5.0,stress_noise,,0.35
motion_aware_tracking_only,2.9242012228095517,0.4179121114165777,0.0008200344439871886,0.22140929987654093,4.520388056244092,0.2700158513730105,0.0,66.0,0.41379310344827586,"{'STATIC': {'STATIC': 9, 'SEMI_STATIC': 0, 'DYNAMIC': 6}, 'SEMI_STATIC': {'STATIC': 7, 'SEMI_STATIC': 0, 'DYNAMIC': 2}, 'DYNAMIC': {'STATIC': 2, 'SEMI_STATIC': 0, 'DYNAMIC': 3}}",0.45454545454545453,0.35714285714285715,3,kalman_tracking_only,0.1294152267403172,13.0,5.0,stress_noise,,0.35
motion_aware_full,3.494670148374379,0.4250987530111153,0.0008381851845317416,0.22630999982357025,4.988440236966463,0.20875653323518423,2.0,71.0,0.3448275862068966,"{'STATIC': {'STATIC': 0, 'SEMI_STATIC': 9, 'DYNAMIC': 6}, 'SEMI_STATIC': {'STATIC': 0, 'SEMI_STATIC': 7, 'DYNAMIC': 2}, 'DYNAMIC': {'STATIC': 0, 'SEMI_STATIC': 2, 'DYNAMIC': 3}}",0.4827586206896552,1.0,3,full_motion_aware,0.1291754320846696,13.0,3.0,stress_noise,,0.35
pov_baseline,2.952104029832586,0.3759990234227225,0.0002873885177972692,0.07759489980526268,6.387504463424884,0.25884738714135286,45.0,62.0,0.2413793103448276,"{'STATIC': {'STATIC': 4, 'SEMI_STATIC': 11, 'DYNAMIC': 0}, 'SEMI_STATIC': {'STATIC': 4, 'SEMI_STATIC': 3, 'DYNAMIC': 0}, 'DYNAMIC': {'STATIC': 0, 'SEMI_STATIC': 7, 'DYNAMIC': 0}}",0.47619047619047616,0.7142857142857143,7,baseline,,,,stress_noise,,0.35
motion_aware_filter_only,2.4296965700260573,0.37365180672744197,0.0008638433327346486,0.23323769983835513,4.6288778180861625,0.4150609674118097,0.0,62.0,0.6206896551724138,"{'STATIC': {'STATIC': 12, 'SEMI_STATIC': 0, 'DYNAMIC': 3}, 'SEMI_STATIC': {'STATIC': 5, 'SEMI_STATIC': 0, 'DYNAMIC': 2}, 'DYNAMIC': {'STATIC': 1, 'SEMI_STATIC': 0, 'DYNAMIC': 6}}",0.7272727272727273,0.5714285714285714,7,dynamic_filter_only,0.1694336558124077,5.25,40.0,stress_noise,,0.35
motion_aware_tracking_only,2.4296965700260573,0.37365180672744197,0.0008796670370631745,0.2375101000070571,4.6288778180861625,0.4150609674118097,0.0,62.0,0.6206896551724138,"{'STATIC': {'STATIC': 12, 'SEMI_STATIC': 0, 'DYNAMIC': 3}, 'SEMI_STATIC': {'STATIC': 5, 'SEMI_STATIC': 0, 'DYNAMIC': 2}, 'DYNAMIC': {'STATIC': 1, 'SEMI_STATIC': 0, 'DYNAMIC': 6}}",0.7272727272727273,0.5714285714285714,7,kalman_tracking_only,0.1694336558124077,5.25,40.0,stress_noise,,0.35
motion_aware_full,2.27770824730191,0.3641348495253988,0.000875391481720187,0.23635570006445047,4.186350028581695,0.44182877581178154,1.0,66.0,0.3793103448275862,"{'STATIC': {'STATIC': 0, 'SEMI_STATIC': 12, 'DYNAMIC': 3}, 'SEMI_STATIC': {'STATIC': 0, 'SEMI_STATIC': 5, 'DYNAMIC': 2}, 'DYNAMIC': {'STATIC': 0, 'SEMI_STATIC': 1, 'DYNAMIC': 6}}",0.4827586206896552,1.0,7,full_motion_aware,0.16357067506881437,6.0,36.0,stress_noise,,0.35
pov_baseline,2.0498951682353392,0.27102279348662905,0.00026010925950551485,0.07022950006648901,5.889750944140197,0.2946820513085529,39.0,62.0,0.3793103448275862,"{'STATIC': {'STATIC': 7, 'SEMI_STATIC': 8, 'DYNAMIC': 0}, 'SEMI_STATIC': {'STATIC': 3, 'SEMI_STATIC': 4, 'DYNAMIC': 0}, 'DYNAMIC': {'STATIC': 3, 'SEMI_STATIC': 4, 'DYNAMIC': 0}}",0.5,0.5714285714285714,11,baseline,,,,stress_noise,,0.35
motion_aware_filter_only,1.4180886453695334,0.26697334613836404,0.0007552188890123808,0.20390910003334284,2.4713411007491994,0.5785110881718752,0.0,47.0,0.6551724137931034,"{'STATIC': {'STATIC': 12, 'SEMI_STATIC': 0, 'DYNAMIC': 3}, 'SEMI_STATIC': {'STATIC': 6, 'SEMI_STATIC': 0, 'DYNAMIC': 1}, 'DYNAMIC': {'STATIC': 0, 'SEMI_STATIC': 0, 'DYNAMIC': 7}}",0.7272727272727273,0.5714285714285714,11,dynamic_filter_only,0.1669912014448932,9.0,49.0,stress_noise,,0.35
motion_aware_tracking_only,1.4180886453695334,0.26697334613836404,0.0007656718518033071,0.20673139998689294,2.4713411007491994,0.5785110881718752,0.0,47.0,0.6551724137931034,"{'STATIC': {'STATIC': 12, 'SEMI_STATIC': 0, 'DYNAMIC': 3}, 'SEMI_STATIC': {'STATIC': 6, 'SEMI_STATIC': 0, 'DYNAMIC': 1}, 'DYNAMIC': {'STATIC': 0, 'SEMI_STATIC': 0, 'DYNAMIC': 7}}",0.7272727272727273,0.5714285714285714,11,kalman_tracking_only,0.1669912014448932,9.0,49.0,stress_noise,,0.35
motion_aware_full,1.537029477424608,0.27033741342162515,0.0007559511112049222,0.204106800025329,2.54696330513946,0.550618347588259,5.0,57.0,0.4482758620689655,"{'STATIC': {'STATIC': 1, 'SEMI_STATIC': 11, 'DYNAMIC': 3}, 'SEMI_STATIC': {'STATIC': 1, 'SEMI_STATIC': 5, 'DYNAMIC': 1}, 'DYNAMIC': {'STATIC': 0, 'SEMI_STATIC': 0, 'DYNAMIC': 7}}",0.48148148148148145,0.9285714285714286,11,full_motion_aware,0.16156913705706577,9.0,47.0,stress_noise,,0.35
pov_baseline,1.5481995388946057,0.24587603238935626,0.0003628566662815434,0.09797129989601672,6.188672403127759,0.3512074383848569,27.0,57.0,0.3448275862068966,"{'STATIC': {'STATIC': 5, 'SEMI_STATIC': 9, 'DYNAMIC': 0}, 'SEMI_STATIC': {'STATIC': 4, 'SEMI_STATIC': 5, 'DYNAMIC': 0}, 'DYNAMIC': {'STATIC': 1, 'SEMI_STATIC': 5, 'DYNAMIC': 0}}",0.5263157894736842,0.6666666666666666,19,baseline,,,,stress_noise,,0.35
motion_aware_filter_only,1.3694182145356397,0.24591716105242836,0.0008022100000676732,0.21659670001827178,2.613729415663373,0.578212066420452,0.0,51.0,0.6206896551724138,"{'STATIC': {'STATIC': 12, 'SEMI_STATIC': 0, 'DYNAMIC': 2}, 'SEMI_STATIC': {'STATIC': 6, 'SEMI_STATIC': 0, 'DYNAMIC': 3}, 'DYNAMIC': {'STATIC': 0, 'SEMI_STATIC': 0, 'DYNAMIC': 6}}",0.8181818181818182,0.6,19,dynamic_filter_only,0.1373144034772459,8.4,4.0,stress_noise,,0.35
motion_aware_tracking_only,1.3694182145356397,0.24591716105242836,0.0008209851846374849,0.2216659998521209,2.613729415663373,0.578212066420452,0.0,51.0,0.6206896551724138,"{'STATIC': {'STATIC': 12, 'SEMI_STATIC': 0, 'DYNAMIC': 2}, 'SEMI_STATIC': {'STATIC': 6, 'SEMI_STATIC': 0, 'DYNAMIC': 3}, 'DYNAMIC': {'STATIC': 0, 'SEMI_STATIC': 0, 'DYNAMIC': 6}}",0.8181818181818182,0.6,19,kalman_tracking_only,0.1373144034772459,8.4,4.0,stress_noise,,0.35
motion_aware_full,1.456106062684527,0.2538925403348247,0.0008040881482884287,0.21710380003787577,2.7466004944064464,0.5535744322611664,0.0,49.0,0.4482758620689655,"{'STATIC': {'STATIC': 1, 'SEMI_STATIC': 11, 'DYNAMIC': 2}, 'SEMI_STATIC': {'STATIC': 0, 'SEMI_STATIC': 6, 'DYNAMIC': 3}, 'DYNAMIC': {'STATIC': 0, 'SEMI_STATIC': 0, 'DYNAMIC': 6}}",0.5357142857142857,1.0,19,full_motion_aware,0.13973227108039854,8.4,5.0,stress_noise,,0.35
pov_baseline,2.9383194222706046,0.4044657656295951,0.0003784822222466269,0.10219020000658927,5.2681128404107636,0.23376147460503424,37.0,60.0,0.3793103448275862,"{'STATIC': {'STATIC': 6, 'SEMI_STATIC': 9, 'DYNAMIC': 0}, 'SEMI_STATIC': {'STATIC': 4, 'SEMI_STATIC': 5, 'DYNAMIC': 0}, 'DYNAMIC': {'STATIC': 0, 'SEMI_STATIC': 5, 'DYNAMIC': 0}}",0.5263157894736842,0.7142857142857143,3,baseline,,,,stress_noise,,0.5
motion_aware_filter_only,3.005870467440768,0.443054859485293,0.0008680603699758645,0.23437629989348344,4.747386006143832,0.24770526439036658,0.0,68.0,0.41379310344827586,"{'STATIC': {'STATIC': 9, 'SEMI_STATIC': 0, 'DYNAMIC': 6}, 'SEMI_STATIC': {'STATIC': 7, 'SEMI_STATIC': 0, 'DYNAMIC': 2}, 'DYNAMIC': {'STATIC': 2, 'SEMI_STATIC': 0, 'DYNAMIC': 3}}",0.45454545454545453,0.35714285714285715,3,dynamic_filter_only,0.1662065730720182,11.6,8.0,stress_noise,,0.5
motion_aware_tracking_only,3.005870467440768,0.443054859485293,0.0008442285186093713,0.22794170002453026,4.747386006143832,0.24770526439036658,0.0,68.0,0.41379310344827586,"{'STATIC': {'STATIC': 9, 'SEMI_STATIC': 0, 'DYNAMIC': 6}, 'SEMI_STATIC': {'STATIC': 7, 'SEMI_STATIC': 0, 'DYNAMIC': 2}, 'DYNAMIC': {'STATIC': 2, 'SEMI_STATIC': 0, 'DYNAMIC': 3}}",0.45454545454545453,0.35714285714285715,3,kalman_tracking_only,0.1662065730720182,11.6,8.0,stress_noise,,0.5
motion_aware_full,3.120146761411885,0.44719152283304253,0.0008455496298632136,0.22829840006306767,4.603340040760713,0.2775487772070522,2.0,72.0,0.3793103448275862,"{'STATIC': {'STATIC': 1, 'SEMI_STATIC': 8, 'DYNAMIC': 6}, 'SEMI_STATIC': {'STATIC': 0, 'SEMI_STATIC': 7, 'DYNAMIC': 2}, 'DYNAMIC': {'STATIC': 0, 'SEMI_STATIC': 2, 'DYNAMIC': 3}}",0.5,1.0,3,full_motion_aware,0.1660863298341798,12.0,8.0,stress_noise,,0.5
pov_baseline,3.3953748922119673,0.3824718428301446,0.00040201333316939854,0.1085435999557376,6.803060904587292,0.23281766886887212,32.0,68.0,0.20689655172413793,"{'STATIC': {'STATIC': 2, 'SEMI_STATIC': 13, 'DYNAMIC': 0}, 'SEMI_STATIC': {'STATIC': 3, 'SEMI_STATIC': 4, 'DYNAMIC': 0}, 'DYNAMIC': {'STATIC': 1, 'SEMI_STATIC': 6, 'DYNAMIC': 0}}",0.43478260869565216,0.7142857142857143,7,baseline,,,,stress_noise,,0.5
motion_aware_filter_only,2.830749282923025,0.393989338523356,0.0009031155551956209,0.24384119990281766,4.856562506352343,0.3814886995245513,0.0,67.0,0.6206896551724138,"{'STATIC': {'STATIC': 12, 'SEMI_STATIC': 0, 'DYNAMIC': 3}, 'SEMI_STATIC': {'STATIC': 5, 'SEMI_STATIC': 0, 'DYNAMIC': 2}, 'DYNAMIC': {'STATIC': 1, 'SEMI_STATIC': 0, 'DYNAMIC': 6}}",0.7272727272727273,0.5714285714285714,7,dynamic_filter_only,0.18567018779060368,6.0,41.0,stress_noise,,0.5
motion_aware_tracking_only,2.830749282923025,0.393989338523356,0.0008854285184362974,0.2390656999778003,4.856562506352343,0.3814886995245513,0.0,67.0,0.6206896551724138,"{'STATIC': {'STATIC': 12, 'SEMI_STATIC': 0, 'DYNAMIC': 3}, 'SEMI_STATIC': {'STATIC': 5, 'SEMI_STATIC': 0, 'DYNAMIC': 2}, 'DYNAMIC': {'STATIC': 1, 'SEMI_STATIC': 0, 'DYNAMIC': 6}}",0.7272727272727273,0.5714285714285714,7,kalman_tracking_only,0.18567018779060368,6.0,41.0,stress_noise,,0.5
motion_aware_full,2.6919451052242134,0.3977949326649424,0.0008979585185578022,0.2424488000106066,4.798181032292027,0.3677604607123571,4.0,69.0,0.41379310344827586,"{'STATIC': {'STATIC': 1, 'SEMI_STATIC': 11, 'DYNAMIC': 3}, 'SEMI_STATIC': {'STATIC': 0, 'SEMI_STATIC': 5, 'DYNAMIC': 2}, 'DYNAMIC': {'STATIC': 0, 'SEMI_STATIC': 1, 'DYNAMIC': 6}}",0.5,1.0,7,full_motion_aware,0.18353548473076378,5.25,41.0,stress_noise,,0.5
pov_baseline,2.1818384027646727,0.2775112702963248,0.00035553629665325073,0.0959948000963777,6.782326739626072,0.23111200851333558,24.0,65.0,0.3103448275862069,"{'STATIC': {'STATIC': 5, 'SEMI_STATIC': 10, 'DYNAMIC': 0}, 'SEMI_STATIC': {'STATIC': 3, 'SEMI_STATIC': 4, 'DYNAMIC': 0}, 'DYNAMIC': {'STATIC': 3, 'SEMI_STATIC': 4, 'DYNAMIC': 0}}",0.4444444444444444,0.5714285714285714,11,baseline,,,,stress_noise,,0.5
motion_aware_filter_only,1.3689956246564718,0.29347082986040574,0.0007786644441593026,0.21023939992301172,2.53391638012978,0.5575865024251458,0.0,55.0,0.6551724137931034,"{'STATIC': {'STATIC': 12, 'SEMI_STATIC': 0, 'DYNAMIC': 3}, 'SEMI_STATIC': {'STATIC': 6, 'SEMI_STATIC': 0, 'DYNAMIC': 1}, 'DYNAMIC': {'STATIC': 0, 'SEMI_STATIC': 0, 'DYNAMIC': 7}}",0.7272727272727273,0.5714285714285714,11,dynamic_filter_only,0.1905531740355571,9.0,58.0,stress_noise,,0.5
motion_aware_tracking_only,1.3689956246564718,0.29347082986040574,0.0007811925925866322,0.2109219999983907,2.53391638012978,0.5575865024251458,0.0,55.0,0.6551724137931034,"{'STATIC': {'STATIC': 12, 'SEMI_STATIC': 0, 'DYNAMIC': 3}, 'SEMI_STATIC': {'STATIC': 6, 'SEMI_STATIC': 0, 'DYNAMIC': 1}, 'DYNAMIC': {'STATIC': 0, 'SEMI_STATIC': 0, 'DYNAMIC': 7}}",0.7272727272727273,0.5714285714285714,11,kalman_tracking_only,0.1905531740355571,9.0,58.0,stress_noise,,0.5
motion_aware_full,2.0414431321654156,0.30330114291913607,0.0007908151855830243,0.21352010010741654,3.027815060940203,0.4573227004715855,2.0,69.0,0.4482758620689655,"{'STATIC': {'STATIC': 0, 'SEMI_STATIC': 12, 'DYNAMIC': 3}, 'SEMI_STATIC': {'STATIC': 0, 'SEMI_STATIC': 6, 'DYNAMIC': 1}, 'DYNAMIC': {'STATIC': 0, 'SEMI_STATIC': 0, 'DYNAMIC': 7}}",0.4827586206896552,1.0,11,full_motion_aware,0.1838179212603756,9.0,58.0,stress_noise,,0.5
pov_baseline,1.3607663042497822,0.24113531676020272,0.00026754333327213924,0.07223669998347759,6.23661432482226,0.40761254056742996,13.0,48.0,0.3793103448275862,"{'STATIC': {'STATIC': 5, 'SEMI_STATIC': 9, 'DYNAMIC': 0}, 'SEMI_STATIC': {'STATIC': 3, 'SEMI_STATIC': 6, 'DYNAMIC': 0}, 'DYNAMIC': {'STATIC': 1, 'SEMI_STATIC': 5, 'DYNAMIC': 0}}",0.55,0.7333333333333333,19,baseline,,,,stress_noise,,0.5
motion_aware_filter_only,1.3415348482889897,0.28372477743887226,0.0009973922218368561,0.26929589989595115,2.511246883739831,0.578742487853854,0.0,61.0,0.6206896551724138,"{'STATIC': {'STATIC': 12, 'SEMI_STATIC': 0, 'DYNAMIC': 2}, 'SEMI_STATIC': {'STATIC': 6, 'SEMI_STATIC': 0, 'DYNAMIC': 3}, 'DYNAMIC': {'STATIC': 0, 'SEMI_STATIC': 0, 'DYNAMIC': 6}}",0.8181818181818182,0.6,19,dynamic_filter_only,0.1597518877512765,8.4,7.0,stress_noise,,0.5
motion_aware_tracking_only,1.3415348482889897,0.28372477743887226,0.000847647778034486,0.2288649000693112,2.511246883739831,0.578742487853854,0.0,61.0,0.6206896551724138,"{'STATIC': {'STATIC': 12, 'SEMI_STATIC': 0, 'DYNAMIC': 2}, 'SEMI_STATIC': {'STATIC': 6, 'SEMI_STATIC': 0, 'DYNAMIC': 3}, 'DYNAMIC': {'STATIC': 0, 'SEMI_STATIC': 0, 'DYNAMIC': 6}}",0.8181818181818182,0.6,19,kalman_tracking_only,0.1597518877512765,8.4,7.0,stress_noise,,0.5
motion_aware_full,1.7216750383438124,0.2780727934750885,0.0008562248148438006,0.23118070000782615,2.8653511484808183,0.5006027155386089,1.0,71.0,0.4482758620689655,"{'STATIC': {'STATIC': 1, 'SEMI_STATIC': 11, 'DYNAMIC': 2}, 'SEMI_STATIC': {'STATIC': 0, 'SEMI_STATIC': 6, 'DYNAMIC': 3}, 'DYNAMIC': {'STATIC': 0, 'SEMI_STATIC': 0, 'DYNAMIC': 6}}",0.5357142857142857,1.0,19,full_motion_aware,0.15992431152885594,8.4,8.0,stress_noise,,0.5
